App;RED;Type;Latitud;Longitud;Fecha Hora Inicio;Fecha Hora Fin;Estado;Causa de falla;Tamanio de archivo (MB)
FB;WIFI;Carga feed;-17.3763477;-66.1567688;2025-06-06 11:41:08;2025-06-06 11:41:15;exitoso;;
FB;WIFI;Publicar historia;-17.3763165;-66.1567415;2025-06-06 11:41:33;2025-06-06 11:41:39;exitoso;;2 MB
FB;WIFI;Carga feed;-17.3763165;-66.1567415;2025-06-06 11:41:52;2025-06-06 11:41:54;exitoso;;
FB;WIFI;Carga feed;-17.3763165;-66.1567415;2025-06-06 11:42:26;2025-06-06 11:42:30;fallido;Elemento no encontrado;
FB;WIFI;Carga feed;-17.3762461;-66.1567006;2025-06-06 11:42:51;2025-06-06 11:42:53;exitoso;;
FB;WIFI;Publicar historia;-17.3762461;-66.1567006;2025-06-06 11:43:11;2025-06-06 11:43:15;exitoso;;2 MB
FB;WIFI;Carga feed;-17.3763391;-66.1567964;2025-06-06 11:43:56;2025-06-06 11:44:00;fallido;Elemento no encontrado;
FB;WIFI;Carga feed;-17.3763391;-66.1567964;2025-06-06 11:44:20;2025-06-06 11:44:24;exitoso;;
FB;WIFI;Publicar historia;-17.3763687;-66.1567998;2025-06-06 11:44:40;2025-06-06 11:44:46;exitoso;;2 MB
FB;WIFI;Carga feed;-17.3763687;-66.1567998;2025-06-06 11:44:57;2025-06-06 11:45:01;fallido;Elemento no encontrado;
FB;WIFI;Publicar historia;-17.3763687;-66.1567998;2025-06-06 11:45:19;2025-06-06 11:45:23;exitoso;;2 MB
FB;WIFI;Envio de mensaje;-17.3763618;-66.1568094;2025-06-06 11:45:32;2025-06-06 11:45:36;exitoso;;4 caracteres
FB;WIFI;Envio de foto;-17.3763618;-66.1568094;2025-06-06 11:45:38;2025-06-06 11:45:43;exitoso;;2 MB
FB;WIFI;Envio de video;-17.3763618;-66.1568094;2025-06-06 11:45:47;2025-06-06 11:45:51;exitoso;;25.58 MB
FB;WIFI;Envio de documento;-17.3763618;-66.1568094;2025-06-06 11:45:56;2025-06-06 11:46:00;exitoso;;1.27 MB
FB;WIFI;Carga feed;-17.3763618;-66.1568094;2025-06-06 11:46:09;2025-06-06 11:46:13;exitoso;;
FB;WIFI;Publicar historia;-17.3763618;-66.1568094;2025-06-06 11:46:30;2025-06-06 11:46:36;exitoso;;2 MB
FB;WIFI;Envio de mensaje;-17.3763208;-66.1567538;2025-06-06 11:46:49;2025-06-06 11:46:50;exitoso;;4 caracteres
FB;WIFI;Envio de foto;-17.3763208;-66.1567538;2025-06-06 11:46:53;2025-06-06 11:46:56;exitoso;;2 MB
FB;WIFI;Envio de video;-17.3763208;-66.1567538;2025-06-06 11:47:00;2025-06-06 11:47:04;exitoso;;25.58 MB
FB;WIFI;Envio de documento;-17.3763208;-66.1567538;2025-06-06 11:47:07;2025-06-06 11:47:11;exitoso;;1.27 MB
FB;WIFI;Carga feed;-17.3763216;-66.156801;2025-06-09 14:45:33;2025-06-09 14:45:34;exitoso;;
FB;WIFI;Publicar historia;-17.3763216;-66.156801;2025-06-09 14:45:52;2025-06-09 14:46:14;fallido;Time Out;0 MB
FB;WIFI;Envio de mensaje;-17.3763216;-66.156801;2025-06-09 14:46:27;2025-06-09 14:46:29;exitoso;;4 caracteres
FB;WIFI;Envio de foto;-17.3763216;-66.156801;2025-06-09 14:46:31;2025-06-09 14:46:35;exitoso;;2 MB
FB;WIFI;Envio de video;-17.3763216;-66.156801;2025-06-09 14:46:38;2025-06-09 14:46:42;exitoso;;25.58 MB
FB;WIFI;Envio de documento;-17.3763216;-66.156801;2025-06-09 14:46:46;2025-06-09 14:46:57;fallido;Time Out;0 MB
FB;WIFI;Carga feed;-17.3763216;-66.156801;2025-06-09 14:47:04;2025-06-09 14:47:06;exitoso;;
FB;WIFI;Publicar historia;-17.3763216;-66.156801;2025-06-09 14:47:24;2025-06-09 14:47:27;exitoso;;2 MB
FB;WIFI;Envio de mensaje;-17.3763216;-66.156801;2025-06-09 14:47:38;2025-06-09 14:47:40;exitoso;;4 caracteres
FB;WIFI;Envio de foto;-17.3763216;-66.156801;2025-06-09 14:47:42;2025-06-09 14:47:46;exitoso;;2 MB
FB;WIFI;Envio de video;-17.3763216;-66.156801;2025-06-09 14:47:50;2025-06-09 14:47:54;exitoso;;25.58 MB
FB;WIFI;Envio de documento;-17.3763216;-66.156801;2025-06-09 14:47:58;2025-06-09 14:48:09;fallido;Time Out;0 MB
FB;WIFI;Carga feed;-17.3763216;-66.156801;2025-06-09 14:56:54;2025-06-09 14:56:57;exitoso;;
FB;WIFI;Publicar historia;-17.3763216;-66.156801;2025-06-09 14:57:17;2025-06-09 14:57:20;exitoso;;2 MB
FB;WIFI;Envio de mensaje;-17.3763216;-66.156801;2025-06-09 14:57:33;2025-06-09 14:57:35;exitoso;;4 caracteres
FB;WIFI;Envio de foto;-17.3763216;-66.156801;2025-06-09 14:57:38;2025-06-09 14:57:41;exitoso;;2 MB
FB;WIFI;Envio de video;-17.3763216;-66.156801;2025-06-09 14:57:45;2025-06-09 14:57:49;exitoso;;25.58 MB
FB;WIFI;Envio de documento;-17.3763216;-66.156801;2025-06-09 14:57:52;2025-06-09 14:58:03;fallido;Time Out;0 MB
FB;WIFI;Carga feed;-17.3763216;-66.156801;2025-06-09 14:58:11;2025-06-09 14:58:12;exitoso;;
FB;WIFI;Publicar historia;-17.3763216;-66.156801;2025-06-09 14:58:28;2025-06-09 14:58:32;exitoso;;2 MB
FB;WIFI;Envio de mensaje;-17.3763216;-66.156801;2025-06-09 14:58:44;2025-06-09 14:58:45;exitoso;;4 caracteres
FB;WIFI;Envio de foto;-17.3763216;-66.156801;2025-06-09 14:58:49;2025-06-09 14:58:50;exitoso;;2 MB
FB;WIFI;Envio de video;-17.3763216;-66.156801;2025-06-09 14:58:54;2025-06-09 14:58:59;exitoso;;25.58 MB
FB;WIFI;Envio de documento;-17.3763216;-66.156801;2025-06-09 14:59:03;2025-06-09 14:59:14;fallido;Time Out;0 MB
FB;WIFI;Carga feed;-17.3763216;-66.156801;2025-06-09 14:59:21;2025-06-09 14:59:23;exitoso;;
FB;WIFI;Carga feed;-17.3763216;-66.156801;2025-06-09 15:00:29;2025-06-09 15:00:32;fallido;Elemento no encontrado;
FB;WIFI;Carga feed;-17.3763216;-66.156801;2025-06-09 15:00:43;2025-06-09 15:00:44;exitoso;;
FB;WIFI;Publicar historia;-17.3763216;-66.156801;2025-06-09 15:01:01;2025-06-09 15:01:04;exitoso;;2 MB
FB;WIFI;Envio de mensaje;-17.3763216;-66.156801;2025-06-09 15:01:17;2025-06-09 15:01:19;exitoso;;4 caracteres
FB;WIFI;Envio de foto;-17.3763216;-66.156801;2025-06-09 15:01:21;2025-06-09 15:01:25;exitoso;;2 MB
FB;WIFI;Envio de video;-17.3763216;-66.156801;2025-06-09 15:01:28;2025-06-09 15:01:32;exitoso;;25.58 MB
FB;WIFI;Envio de documento;-17.3763216;-66.156801;2025-06-09 15:01:35;2025-06-09 15:01:39;exitoso;;1.27 MB
FB;WIFI;Carga feed;-17.3763216;-66.156801;2025-06-09 15:01:47;2025-06-09 15:01:48;exitoso;;
FB;WIFI;Publicar historia;-17.3763216;-66.156801;2025-06-09 15:02:05;2025-06-09 15:02:09;exitoso;;2 MB
FB;WIFI;Envio de mensaje;-17.3763216;-66.156801;2025-06-09 15:02:22;2025-06-09 15:02:24;exitoso;;4 caracteres
FB;WIFI;Envio de foto;-17.3763216;-66.156801;2025-06-09 15:02:27;2025-06-09 15:02:30;exitoso;;2 MB
FB;WIFI;Envio de video;-17.3763216;-66.156801;2025-06-09 15:02:35;2025-06-09 15:02:39;exitoso;;25.58 MB
FB;WIFI;Envio de documento;-17.3763216;-66.156801;2025-06-09 15:02:42;2025-06-09 15:02:45;exitoso;;1.27 MB
FB;WIFI;Carga feed;-17.3763216;-66.156801;2025-06-09 15:19:51;2025-06-09 15:19:53;exitoso;;
FB;WIFI;Carga feed;-17.3763216;-66.156801;2025-06-09 15:24:42;2025-06-09 15:24:43;exitoso;;
FB;WIFI;Publicar historia;-17.3763216;-66.156801;2025-06-09 15:25:01;2025-06-09 15:25:05;exitoso;;2 MB
FB;WIFI;Envio de mensaje;-17.3763216;-66.156801;2025-06-09 15:25:18;2025-06-09 15:25:20;exitoso;;4 caracteres
FB;WIFI;Envio de foto;-17.3763216;-66.156801;2025-06-09 15:25:22;2025-06-09 15:25:27;exitoso;;file
FB;WIFI;Envio de video;-17.3763216;-66.156801;2025-06-09 15:25:31;2025-06-09 15:25:35;exitoso;;25.58 MB
FB;WIFI;Envio de documento;-17.3763216;-66.156801;2025-06-09 15:25:40;2025-06-09 15:25:44;exitoso;;1.27 MB
FB;WIFI;Carga feed;-17.3763216;-66.156801;2025-06-09 15:36:00;2025-06-09 15:36:02;exitoso;;
FB;WIFI;Publicar historia;-17.3763216;-66.156801;2025-06-09 15:36:20;2025-06-09 15:36:26;exitoso;;2 MB
FB;WIFI;Envio de mensaje;-17.3763216;-66.156801;2025-06-09 15:36:39;2025-06-09 15:36:41;exitoso;;4 caracteres
FB;WIFI;Envio de foto;-17.3763216;-66.156801;2025-06-09 15:36:43;2025-06-09 15:36:46;exitoso;;file
FB;WIFI;Envio de video;-17.3763216;-66.156801;2025-06-09 15:36:50;2025-06-09 15:36:54;exitoso;;25.58 MB
FB;WIFI;Carga feed;-17.3763216;-66.156801;2025-06-09 15:37:32;2025-06-09 15:37:34;exitoso;;
FB;WIFI;Publicar historia;-17.3763216;-66.156801;2025-06-09 15:37:50;2025-06-09 15:37:55;exitoso;;2 MB
FB;WIFI;Carga feed;-17.3763216;-66.156801;2025-06-09 15:38:07;2025-06-09 15:38:09;exitoso;;
FB;WIFI;Publicar historia;-17.3763216;-66.156801;2025-06-09 15:38:25;2025-06-09 15:38:30;exitoso;;2 MB
FB;WIFI;Envio de mensaje;-17.3763216;-66.156801;2025-06-09 15:38:42;2025-06-09 15:38:44;exitoso;;4 caracteres
FB;WIFI;Envio de foto;-17.3763216;-66.156801;2025-06-09 15:38:46;2025-06-09 15:38:49;exitoso;;directory
FB;WIFI;Envio de video;-17.3763216;-66.156801;2025-06-09 15:38:54;2025-06-09 15:38:58;exitoso;;25.58 MB
FB;WIFI;Carga feed;-17.3763216;-66.156801;2025-06-09 15:39:40;2025-06-09 15:39:41;exitoso;;
FB;WIFI;Publicar historia;-17.3763216;-66.156801;2025-06-09 15:39:57;2025-06-09 15:40:01;exitoso;;2 MB
FB;WIFI;Envio de mensaje;-17.3763216;-66.156801;2025-06-09 15:40:15;2025-06-09 15:40:26;fallido;Time Out;0 caracteres
FB;WIFI;Carga feed;-17.3763216;-66.156801;2025-06-09 15:40:33;2025-06-09 15:40:35;exitoso;;
FB;WIFI;Publicar historia;-17.3763216;-66.156801;2025-06-09 15:40:53;2025-06-09 15:40:59;exitoso;;2 MB
FB;WIFI;Envio de mensaje;-17.3763216;-66.156801;2025-06-09 15:41:12;2025-06-09 15:41:14;exitoso;;4 caracteres
FB;WIFI;Envio de foto;-17.3763216;-66.156801;2025-06-09 15:41:17;2025-06-09 15:41:21;exitoso;;/sdcard/Download//pexels-clement-couturier-546640561-18908288.jpg:
FB;WIFI;Envio de video;-17.3763216;-66.156801;2025-06-09 15:41:25;2025-06-09 15:41:29;exitoso;;25.58 MB
FB;WIFI;Envio de documento;-17.3763216;-66.156801;2025-06-09 15:41:32;2025-06-09 15:41:36;exitoso;;1.27 MB
FB;WIFI;Carga feed;-17.3763216;-66.156801;2025-06-09 15:41:43;2025-06-09 15:41:45;exitoso;;
FB;WIFI;Carga feed;-17.3763216;-66.156801;2025-06-09 15:42:32;2025-06-09 15:42:33;exitoso;;
FB;WIFI;Carga feed;-17.3763216;-66.156801;2025-06-09 15:43:04;2025-06-09 15:43:06;exitoso;;
FB;WIFI;Publicar historia;-17.3763216;-66.156801;2025-06-09 15:43:23;2025-06-09 15:43:26;exitoso;;2 MB
FB;WIFI;Envio de mensaje;-17.3763216;-66.156801;2025-06-09 15:43:39;2025-06-09 15:43:51;fallido;Time Out;0 caracteres
FB;WIFI;Envio de foto;-17.3763216;-66.156801;2025-06-09 15:43:53;2025-06-09 15:43:56;exitoso;;0 MB
FB;WIFI;Envio de video;-17.3763216;-66.156801;2025-06-09 15:44:00;2025-06-09 15:44:04;exitoso;;25.58 MB
FB;WIFI;Carga feed;-17.3763216;-66.156801;2025-06-09 16:03:32;2025-06-09 16:03:35;exitoso;;
FB;WIFI;Publicar historia;-17.3763216;-66.156801;2025-06-09 16:03:51;2025-06-09 16:03:55;exitoso;;2 MB
FB;WIFI;Envio de mensaje;-17.3763216;-66.156801;2025-06-09 16:04:07;2025-06-09 16:04:09;exitoso;;4 caracteres
FB;WIFI;Envio de foto;-17.3763216;-66.156801;2025-06-09 16:04:12;2025-06-09 16:04:14;exitoso;;1.9M
FB;WIFI;Envio de video;-17.3763216;-66.156801;2025-06-09 16:04:18;2025-06-09 16:04:22;exitoso;;25.58 MB
FB;WIFI;Envio de documento;-17.3763216;-66.156801;2025-06-09 16:04:26;2025-06-09 16:04:29;exitoso;;1.27 MB
FB;WIFI;Carga feed;-17.3763216;-66.156801;2025-06-09 16:12:15;2025-06-09 16:12:16;exitoso;;
FB;WIFI;Publicar historia;-17.3763216;-66.156801;2025-06-09 16:12:34;2025-06-09 16:12:39;exitoso;;2 MB
FB;WIFI;Envio de mensaje;-17.3763216;-66.156801;2025-06-09 16:12:51;2025-06-09 16:12:53;exitoso;;4 caracteres
FB;WIFI;Envio de foto;-17.3763216;-66.156801;2025-06-09 16:12:56;2025-06-09 16:13:00;exitoso;;0 MB
FB;WIFI;Envio de video;-17.3763216;-66.156801;2025-06-09 16:13:04;2025-06-09 16:13:08;exitoso;;25.58 MB
FB;WIFI;Envio de documento;-17.3763216;-66.156801;2025-06-09 16:13:11;2025-06-09 16:13:15;exitoso;;1.27 MB
FB;WIFI;Carga feed;-17.3763216;-66.156801;2025-06-09 16:14:04;2025-06-09 16:14:05;exitoso;;
FB;WIFI;Publicar historia;-17.3763216;-66.156801;2025-06-09 16:14:21;2025-06-09 16:14:25;exitoso;;2 MB
FB;WIFI;Carga feed;-17.3763216;-66.156801;2025-06-09 16:14:36;2025-06-09 16:14:38;exitoso;;
FB;WIFI;Publicar historia;-17.3763216;-66.156801;2025-06-09 16:14:54;2025-06-09 16:14:57;exitoso;;2 MB
FB;WIFI;Envio de mensaje;-17.3763216;-66.156801;2025-06-09 16:15:10;2025-06-09 16:15:12;exitoso;;4 caracteres
FB;WIFI;Envio de foto;-17.3763216;-66.156801;2025-06-09 16:15:14;2025-06-09 16:15:17;exitoso;;0 MB
FB;WIFI;Carga feed;-17.3763216;-66.156801;2025-06-09 16:16:00;2025-06-09 16:16:02;exitoso;;
FB;WIFI;Publicar historia;-17.3763216;-66.156801;2025-06-09 16:16:18;2025-06-09 16:16:23;exitoso;;2 MB
FB;WIFI;Carga feed;-17.3763216;-66.156801;2025-06-09 16:16:37;2025-06-09 16:16:38;exitoso;;
FB;WIFI;Publicar historia;-17.3763216;-66.156801;2025-06-09 16:16:53;2025-06-09 16:16:59;exitoso;;2 MB
FB;WIFI;Envio de mensaje;-17.3763216;-66.156801;2025-06-09 16:17:11;2025-06-09 16:17:13;exitoso;;4 caracteres
FB;WIFI;Envio de foto;-17.3763216;-66.156801;2025-06-09 16:17:16;2025-06-09 16:17:20;exitoso;;0 MB
FB;WIFI;Carga feed;-17.3763216;-66.156801;2025-06-09 16:21:24;2025-06-09 16:21:26;exitoso;;
FB;WIFI;Publicar historia;-17.3763216;-66.156801;2025-06-09 16:21:42;2025-06-09 16:21:46;exitoso;;2 MB
FB;WIFI;Envio de mensaje;-17.3763216;-66.156801;2025-06-09 16:21:54;2025-06-09 16:21:56;exitoso;;4 caracteres
FB;WIFI;Envio de foto;-17.3763216;-66.156801;2025-06-09 16:21:58;2025-06-09 16:22:02;exitoso;;0 MB
FB;WIFI;Carga feed;-17.3763216;-66.156801;2025-06-09 16:22:16;2025-06-09 16:22:18;exitoso;;
FB;WIFI;Carga feed;-17.3763216;-66.156801;2025-06-09 16:22:46;2025-06-09 16:22:47;exitoso;;
FB;WIFI;Publicar historia;-17.3763216;-66.156801;2025-06-09 16:23:05;2025-06-09 16:23:10;exitoso;;2 MB
FB;WIFI;Envio de mensaje;-17.3763216;-66.156801;2025-06-09 16:23:22;2025-06-09 16:23:23;exitoso;;4 caracteres
FB;WIFI;Envio de foto;-17.3763216;-66.156801;2025-06-09 16:23:26;2025-06-09 16:23:29;exitoso;;0 MB
FB;WIFI;Carga feed;-17.3763216;-66.156801;2025-06-09 16:25:18;2025-06-09 16:25:19;exitoso;;
FB;WIFI;Publicar historia;-17.3763216;-66.156801;2025-06-09 16:25:35;2025-06-09 16:25:41;exitoso;;2 MB
FB;WIFI;Envio de mensaje;-17.3763216;-66.156801;2025-06-09 16:25:51;2025-06-09 16:25:53;exitoso;;4 caracteres
FB;WIFI;Envio de foto;-17.3763216;-66.156801;2025-06-09 16:25:55;2025-06-09 16:25:59;exitoso;;0 MB
FB;WIFI;Carga feed;-17.3763216;-66.156801;2025-06-09 16:26:51;2025-06-09 16:26:51;exitoso;;
FB;WIFI;Carga feed;-17.3763216;-66.156801;2025-06-09 16:27:18;2025-06-09 16:27:20;exitoso;;
FB;WIFI;Publicar historia;-17.3763216;-66.156801;2025-06-09 16:27:39;2025-06-09 16:27:45;exitoso;;2 MB
FB;WIFI;Envio de mensaje;-17.3763216;-66.156801;2025-06-09 16:27:58;2025-06-09 16:28:00;exitoso;;4 caracteres
FB;WIFI;Envio de foto;-17.3763216;-66.156801;2025-06-09 16:28:02;2025-06-09 16:28:06;exitoso;;0 MB
FB;WIFI;Carga feed;-17.3763216;-66.156801;2025-06-09 16:28:39;2025-06-09 16:28:42;exitoso;;
FB;WIFI;Publicar historia;-17.3763216;-66.156801;2025-06-09 16:28:58;2025-06-09 16:29:02;exitoso;;2 MB
FB;WIFI;Envio de mensaje;-17.3763216;-66.156801;2025-06-09 16:29:11;2025-06-09 16:29:13;exitoso;;4 caracteres
FB;WIFI;Envio de foto;-17.3763216;-66.156801;2025-06-09 16:29:15;2025-06-09 16:29:26;fallido;Time Out;0 MB
FB;WIFI;Envio de video;-17.3763216;-66.156801;2025-06-09 16:29:26;2025-06-09 16:29:26;fallido;Elemento no encontrado;0 MB
FB;WIFI;Envio de documento;-17.3763216;-66.156801;2025-06-09 16:29:26;2025-06-09 16:29:26;fallido;Elemento no encontrado;0 Mb
FB;WIFI;Carga feed;-17.3763216;-66.156801;2025-06-09 16:29:34;2025-06-09 16:29:36;exitoso;;
FB;WIFI;Publicar historia;-17.3763216;-66.156801;2025-06-09 16:29:52;2025-06-09 16:29:56;exitoso;;2 MB
FB;WIFI;Envio de mensaje;-17.3763216;-66.156801;2025-06-09 16:30:09;2025-06-09 16:30:11;exitoso;;4 caracteres
FB;WIFI;Envio de foto;-17.3763216;-66.156801;2025-06-09 16:30:13;2025-06-09 16:30:18;exitoso;;0 MB
FB;WIFI;Envio de video;-17.3763216;-66.156801;2025-06-09 16:30:22;2025-06-09 16:30:26;exitoso;;25.58 MB
FB;WIFI;Carga feed;-17.3763216;-66.156801;2025-06-09 16:31:10;2025-06-09 16:31:11;exitoso;;
FB;WIFI;Carga feed;-17.3763216;-66.156801;2025-06-09 16:31:41;2025-06-09 16:31:42;exitoso;;
FB;WIFI;Publicar historia;-17.3763216;-66.156801;2025-06-09 16:32:02;2025-06-09 16:32:07;exitoso;;2 MB
FB;WIFI;Envio de mensaje;-17.3763216;-66.156801;2025-06-09 16:32:20;2025-06-09 16:32:22;exitoso;;4 caracteres
FB;WIFI;Envio de foto;-17.3763216;-66.156801;2025-06-09 16:32:24;2025-06-09 16:32:29;exitoso;;0 MB
FB;WIFI;Envio de video;-17.3763216;-66.156801;2025-06-09 16:32:33;2025-06-09 16:32:36;exitoso;;25.58 MB
FB;WIFI;Carga feed;-17.3763216;-66.156801;2025-06-09 16:35:46;2025-06-09 16:35:47;exitoso;;
FB;WIFI;Publicar historia;-17.3763216;-66.156801;2025-06-09 16:36:03;2025-06-09 16:36:07;exitoso;;2 MB
FB;WIFI;Envio de mensaje;-17.3763216;-66.156801;2025-06-09 16:36:15;2025-06-09 16:36:17;exitoso;;4 caracteres
FB;WIFI;Envio de foto;-17.3763216;-66.156801;2025-06-09 16:36:19;2025-06-09 16:36:22;exitoso;;0 MB
FB;WIFI;Envio de video;-17.3763216;-66.156801;2025-06-09 16:36:27;2025-06-09 16:36:31;exitoso;;25.58 MB
FB;WIFI;Envio de documento;-17.3763216;-66.156801;2025-06-09 16:36:33;2025-06-09 16:36:41;exitoso;;1.27 MB
FB;WIFI;Carga feed;-17.3763216;-66.156801;2025-06-09 16:39:13;2025-06-09 16:39:16;fallido;Elemento no encontrado;
FB;WIFI;Publicar historia;-17.3763216;-66.156801;2025-06-09 16:39:35;2025-06-09 16:39:38;exitoso;;2 MB
FB;WIFI;Envio de mensaje;-17.3763216;-66.156801;2025-06-09 16:39:51;2025-06-09 16:39:54;exitoso;;4 caracteres
FB;WIFI;Envio de foto;-17.3763216;-66.156801;2025-06-09 16:39:56;2025-06-09 16:40:01;exitoso;;0 MB
FB;WIFI;Carga feed;-17.3763216;-66.156801;2025-06-09 16:40:45;2025-06-09 16:40:48;exitoso;;
FB;WIFI;Publicar historia;-17.3763216;-66.156801;2025-06-09 16:41:03;2025-06-09 16:41:11;exitoso;;2 MB
FB;WIFI;Carga feed;-17.3763216;-66.156801;2025-06-09 16:41:21;2025-06-09 16:41:23;exitoso;;
FB;WIFI;Publicar historia;-17.3763216;-66.156801;2025-06-09 16:41:39;2025-06-09 16:41:42;exitoso;;2 MB
FB;WIFI;Envio de mensaje;-17.3763216;-66.156801;2025-06-09 16:41:55;2025-06-09 16:41:57;exitoso;;4 caracteres
FB;WIFI;Envio de foto;-17.3763216;-66.156801;2025-06-09 16:41:59;2025-06-09 16:42:04;exitoso;;0 MB
FB;WIFI;Envio de video;-17.3763216;-66.156801;2025-06-09 16:42:09;2025-06-09 16:42:13;exitoso;;25.58 MB
FB;WIFI;Envio de documento;-17.3763216;-66.156801;2025-06-09 16:42:16;2025-06-09 16:42:25;exitoso;;1.27 MB
FB;WIFI;Carga feed;-17.3763216;-66.156801;2025-06-09 16:42:33;2025-06-09 16:42:35;exitoso;;
FB;WIFI;Carga feed;-17.3763216;-66.156801;2025-06-09 16:48:21;2025-06-09 16:48:23;exitoso;;
FB;WIFI;Publicar historia;-17.3763216;-66.156801;2025-06-09 16:48:43;2025-06-09 16:48:46;exitoso;;2 MB
FB;WIFI;Envio de mensaje;-17.3763216;-66.156801;2025-06-09 16:48:58;2025-06-09 16:49:00;exitoso;;4 caracteres
FB;WIFI;Envio de foto;-17.3763216;-66.156801;2025-06-09 16:49:02;2025-06-09 16:49:08;exitoso;;0 MB
FB;WIFI;Carga feed;-17.3763216;-66.156801;2025-06-09 16:51:48;2025-06-09 16:51:49;exitoso;;
FB;WIFI;Publicar historia;-17.3763216;-66.156801;2025-06-09 16:52:06;2025-06-09 16:52:12;exitoso;;2 MB
FB;WIFI;Envio de mensaje;-17.3763216;-66.156801;2025-06-09 16:52:25;2025-06-09 16:52:27;exitoso;;4 caracteres
FB;WIFI;Envio de foto;-17.3763216;-66.156801;2025-06-09 16:52:29;2025-06-09 16:52:34;exitoso;;file
FB;WIFI;Carga feed;-17.3763216;-66.156801;2025-06-09 16:53:29;2025-06-09 16:53:31;exitoso;;
FB;WIFI;Carga feed;-17.3763216;-66.156801;2025-06-09 16:53:53;2025-06-09 16:53:54;exitoso;;
FB;WIFI;Publicar historia;-17.3763216;-66.156801;2025-06-09 16:54:12;2025-06-09 16:54:18;exitoso;;2 MB
FB;WIFI;Envio de mensaje;-17.3763216;-66.156801;2025-06-09 16:54:31;2025-06-09 16:54:33;exitoso;;4 caracteres
FB;WIFI;Envio de foto;-17.3763216;-66.156801;2025-06-09 16:54:35;2025-06-09 16:54:40;exitoso;;file
FB;WIFI;Envio de video;-17.3763216;-66.156801;2025-06-09 16:54:45;2025-06-09 16:54:48;exitoso;;25.58 MB
FB;WIFI;Carga feed;-17.3763216;-66.156801;2025-06-09 17:04:42;2025-06-09 17:04:43;exitoso;;
FB;WIFI;Publicar historia;-17.3763216;-66.156801;2025-06-09 17:04:59;2025-06-09 17:05:04;exitoso;;2 MB
FB;WIFI;Envio de mensaje;-17.3763216;-66.156801;2025-06-09 17:05:19;2025-06-09 17:05:21;exitoso;;4 caracteres
FB;WIFI;Envio de foto;-17.3763216;-66.156801;2025-06-09 17:05:23;2025-06-09 17:05:27;exitoso;;file
FB;WIFI;Carga feed;-17.3763216;-66.156801;2025-06-09 17:06:18;2025-06-09 17:06:20;exitoso;;
FB;WIFI;Publicar historia;-17.3763216;-66.156801;2025-06-09 17:06:36;2025-06-09 17:06:45;exitoso;;2 MB
FB;WIFI;Carga feed;-17.3763216;-66.156801;2025-06-09 17:06:56;2025-06-09 17:06:57;exitoso;;
FB;WIFI;Publicar historia;-17.3763216;-66.156801;2025-06-09 17:07:13;2025-06-09 17:07:18;exitoso;;2 MB
FB;WIFI;Envio de mensaje;-17.3763216;-66.156801;2025-06-09 17:07:32;2025-06-09 17:07:34;exitoso;;4 caracteres
FB;WIFI;Envio de foto;-17.3763216;-66.156801;2025-06-09 17:07:36;2025-06-09 17:07:42;exitoso;;1.9M
FB;WIFI;Envio de video;-17.3763216;-66.156801;2025-06-09 17:07:47;2025-06-09 17:07:50;exitoso;;25.58 MB
FB;WIFI;Envio de documento;-17.3763216;-66.156801;2025-06-09 17:07:53;2025-06-09 17:08:04;fallido;Time Out;0 MB
FB;WIFI;Carga feed;-17.3763375;-66.1567219;2025-06-10 11:23:16;2025-06-10 11:23:19;fallido;Elemento no encontrado;
FB;WIFI;Carga feed;-17.3763375;-66.1567219;2025-06-10 11:23:40;2025-06-10 11:23:43;exitoso;;
FB;WIFI;Publicar historia;-17.3763375;-66.1567219;2025-06-10 11:23:58;2025-06-10 11:24:02;exitoso;;2 MB
FB;WIFI;Carga feed;-17.3763375;-66.1567219;2025-06-10 11:24:09;2025-06-10 11:24:11;exitoso;;
FB;WIFI;Publicar historia;-17.3763375;-66.1567219;2025-06-10 11:24:27;2025-06-10 11:24:32;exitoso;;2 MB
FB;WIFI;Carga feed;-17.3763375;-66.1567219;2025-06-10 11:26:16;2025-06-10 11:26:18;exitoso;;
FB;WIFI;Publicar historia;-17.3763375;-66.1567219;2025-06-10 11:26:33;2025-06-10 11:26:37;exitoso;;2 MB
FB;WIFI;Envio de mensaje;-17.3763375;-66.1567219;2025-06-10 11:26:56;2025-06-10 11:26:58;exitoso;;4 caracteres
FB;WIFI;Envio de foto;-17.3763375;-66.1567219;2025-06-10 11:27:01;2025-06-10 11:27:05;exitoso;;1.9M
FB;WIFI;Envio de video;-17.3763375;-66.1567219;2025-06-10 11:27:08;2025-06-10 11:27:08;fallido;Elemento no encontrado;0 MB
FB;WIFI;Envio de documento;-17.3763375;-66.1567219;2025-06-10 11:27:09;2025-06-10 11:27:09;fallido;Elemento no encontrado;0 Mb
FB;WIFI;Carga feed;-17.3763375;-66.1567219;2025-06-10 11:27:16;2025-06-10 11:27:18;exitoso;;
FB;WIFI;Carga feed;-17.3763375;-66.1567219;2025-06-10 11:27:30;2025-06-10 11:27:34;fallido;Elemento no encontrado;
FB;WIFI;Carga feed;-17.3763375;-66.1567219;2025-06-10 11:27:54;2025-06-10 11:27:57;exitoso;;
FB;WIFI;Publicar historia;-17.3763375;-66.1567219;2025-06-10 11:28:13;2025-06-10 11:28:18;exitoso;;2 MB
FB;WIFI;Envio de mensaje;-17.3763375;-66.1567219;2025-06-10 11:28:38;2025-06-10 11:28:40;exitoso;;4 caracteres
FB;WIFI;Envio de foto;-17.3763375;-66.1567219;2025-06-10 11:28:42;2025-06-10 11:28:46;exitoso;;1.9M
FB;WIFI;Envio de video;-17.3763375;-66.1567219;2025-06-10 11:28:50;2025-06-10 11:28:54;exitoso;;25.58 MB
FB;WIFI;Envio de documento;-17.3763375;-66.1567219;2025-06-10 11:29:00;2025-06-10 11:29:04;exitoso;;1.27 MB
FB;WIFI;Carga feed;-17.3763375;-66.1567219;2025-06-10 11:30:24;2025-06-10 11:30:25;exitoso;;
FB;WIFI;Publicar historia;-17.3763375;-66.1567219;2025-06-10 11:30:41;2025-06-10 11:30:46;exitoso;;2 MB
FB;WIFI;Envio de mensaje;-17.3763375;-66.1567219;2025-06-10 11:31:17;2025-06-10 11:31:19;exitoso;;4 caracteres
FB;WIFI;Envio de foto;-17.3763375;-66.1567219;2025-06-10 11:31:22;2025-06-10 11:31:25;exitoso;;1.9M
FB;WIFI;Envio de video;-17.3763375;-66.1567219;2025-06-10 11:31:30;2025-06-10 11:31:34;exitoso;;25.58 MB
FB;WIFI;Envio de documento;-17.3763375;-66.1567219;2025-06-10 11:31:37;2025-06-10 11:31:40;exitoso;;1.27 MB
FB;WIFI;Carga feed;-17.3763375;-66.1567219;2025-06-10 11:31:48;2025-06-10 11:31:50;exitoso;;
FB;SIN_RED;Publicar historia;-17.3763375;-66.1567219;2025-06-10 11:32:09;2025-06-10 11:32:09;fallido;Sin red;0 MB
FB;SIN_RED;Publicar historia;-17.3763375;-66.1567219;2025-06-10 11:32:09;2025-06-10 11:32:09;fallido;Sin red;0 MB
FB;SIN_RED;Envio de mensaje;-17.3763375;-66.1567219;2025-06-10 11:32:38;2025-06-10 11:32:38;fallido;Sin red;0 caracteres
FB;SIN_RED;Envio de foto;-17.3763375;-66.1567219;2025-06-10 11:32:42;2025-06-10 11:32:42;fallido;Sin red;0 MB
FB;SIN_RED;Envio de video;-17.3763375;-66.1567219;2025-06-10 11:32:48;2025-06-10 11:32:48;fallido;Sin red;0 MB
FB;SIN_RED;Envio de documento;-17.3763375;-66.1567219;2025-06-10 11:32:52;2025-06-10 11:32:52;fallido;Sin red;0 Mb
FB;SIN_RED;Carga feed;-17.3763375;-66.1567219;2025-06-10 11:33:01;2025-06-10 11:33:01;fallido;Sin red;
FB;WIFI;Publicar historia;-17.3763375;-66.1567219;2025-06-10 11:33:21;2025-06-10 11:33:25;exitoso;;2 MB
FB;WIFI;Carga feed;-17.3763375;-66.1567219;2025-06-10 11:33:59;2025-06-10 11:34:01;exitoso;;
FB;SIN_RED;Carga feed;-17.3762566;-66.1566854;2025-06-10 12:15:58;2025-06-10 12:15:59;fallido;Sin red;
FB;WIFI;Publicar historia;-17.3762566;-66.1566854;2025-06-10 12:16:23;2025-06-10 12:16:32;exitoso;;2 MB
FB;WIFI;Carga feed;-17.3762566;-66.1566854;2025-06-10 12:16:41;2025-06-10 12:16:43;exitoso;;
FB;WIFI;Publicar historia;-17.3762566;-66.1566854;2025-06-10 12:17:00;2025-06-10 12:17:04;exitoso;;2 MB
FB;WIFI;Carga feed;-17.3762566;-66.1566854;2025-06-10 12:17:12;2025-06-10 12:17:13;exitoso;;
FB;WIFI;Publicar historia;-17.3762566;-66.1566854;2025-06-10 12:17:29;2025-06-10 12:17:34;exitoso;;2 MB
FB;WIFI;Carga feed;-17.3762566;-66.1566854;2025-06-10 12:20:45;2025-06-10 12:20:46;exitoso;;
FB;WIFI;Publicar historia;-17.3762566;-66.1566854;2025-06-10 12:21:04;2025-06-10 12:21:09;exitoso;;2 MB
FB;WIFI;Envio de mensaje;-17.3762566;-66.1566854;2025-06-10 12:21:10;2025-06-10 12:21:28;fallido;TimeOut;
FB;WIFI;Envio de mensaje;-17.3762566;-66.1566854;2025-06-10 12:21:42;2025-06-10 12:21:53;fallido;Time Out;0 caracteres
FB;WIFI;Envio de foto;-17.3762566;-66.1566854;2025-06-10 12:21:56;2025-06-10 12:22:00;exitoso;;1.9M
FB;WIFI;Envio de video;-17.3762566;-66.1566854;2025-06-10 12:22:04;2025-06-10 12:22:09;exitoso;;25.58 MB
FB;WIFI;Envio de documento;-17.3762566;-66.1566854;2025-06-10 12:22:13;2025-06-10 12:22:24;fallido;Time Out;0 MB
FB;WIFI;Carga feed;-17.3762566;-66.1566854;2025-06-10 12:22:32;2025-06-10 12:22:34;exitoso;;
FB;WIFI;Carga feed;-17.3762566;-66.1566854;2025-06-10 12:25:38;2025-06-10 12:25:40;exitoso;;
FB;WIFI;Publicar historia;-17.3762566;-66.1566854;2025-06-10 12:25:54;2025-06-10 12:26:03;exitoso;;2 MB
FB;WIFI;Reproduccion video corto;-17.3762566;-66.1566854;2025-06-10 12:26:04;2025-06-10 12:26:20;exitoso;;
FB;WIFI;Envio de mensaje;-17.3762566;-66.1566854;2025-06-10 12:26:35;2025-06-10 12:26:37;exitoso;;4 caracteres
FB;WIFI;Envio de foto;-17.3762566;-66.1566854;2025-06-10 12:26:39;2025-06-10 12:26:43;exitoso;;1.9M
FB;WIFI;Envio de video;-17.3762566;-66.1566854;2025-06-10 12:26:47;2025-06-10 12:26:51;exitoso;;25.58 MB
FB;WIFI;Envio de documento;-17.3762566;-66.1566854;2025-06-10 12:26:54;2025-06-10 12:26:58;exitoso;;1.27 MB
FB;WIFI;Carga feed;-17.3762566;-66.1566854;2025-06-10 14:56:20;2025-06-10 14:56:21;exitoso;;
FB;WIFI;Publicar historia;-17.3762566;-66.1566854;2025-06-10 14:56:39;2025-06-10 14:56:43;exitoso;;2 MB
FB;WIFI;Reproduccion video corto;-17.3762566;-66.1566854;2025-06-10 14:56:43;2025-06-10 14:57:01;exitoso;;
FB;WIFI;Envio de mensaje;-17.3762566;-66.1566854;2025-06-10 14:57:16;2025-06-10 14:57:17;exitoso;;4 caracteres
FB;WIFI;Envio de foto;-17.3762566;-66.1566854;2025-06-10 14:57:20;2025-06-10 14:57:24;exitoso;;13M
FB;WIFI;Envio de video;-17.3762566;-66.1566854;2025-06-10 14:57:28;2025-06-10 14:57:28;fallido;Elemento no encontrado;0 MB
FB;WIFI;Envio de documento;-17.3762566;-66.1566854;2025-06-10 14:57:33;2025-06-10 14:57:37;exitoso;;1.27 MB
FB;WIFI;Carga feed;-17.3762566;-66.1566854;2025-06-10 15:11:55;2025-06-10 15:11:58;fallido;Elemento no encontrado;
FB;WIFI;Publicar historia;-17.3762566;-66.1566854;2025-06-10 15:12:19;2025-06-10 15:12:26;exitoso;;2 MB
FB;WIFI;Reproduccion video corto;-17.3762566;-66.1566854;2025-06-10 15:12:27;2025-06-10 15:12:43;exitoso;;
FB;WIFI;Envio de mensaje;-17.3762566;-66.1566854;2025-06-10 15:12:57;2025-06-10 15:12:59;exitoso;;4 caracteres
FB;WIFI;Envio de foto;-17.3762566;-66.1566854;2025-06-10 15:13:01;2025-06-10 15:13:04;exitoso;;13M
FB;WIFI;Envio de video;-17.3762566;-66.1566854;2025-06-10 15:13:08;2025-06-10 15:13:08;fallido;Elemento no encontrado;0 MB
FB;WIFI;Envio de documento;-17.3762566;-66.1566854;2025-06-10 15:13:12;2025-06-10 15:13:17;exitoso;;1.27 MB
FB;WIFI;Carga feed;-17.3762566;-66.1566854;2025-06-10 15:13:24;2025-06-10 15:13:26;exitoso;;
FB;WIFI;Carga feed;-17.3762566;-66.1566854;2025-06-10 15:13:45;2025-06-10 15:13:49;fallido;Elemento no encontrado;
FB;WIFI;Publicar historia;-17.3762566;-66.1566854;2025-06-10 15:14:07;2025-06-10 15:14:13;exitoso;;2 MB
FB;WIFI;Reproduccion video corto;-17.3762566;-66.1566854;2025-06-10 15:14:14;2025-06-10 15:14:31;exitoso;;
FB;WIFI;Envio de mensaje;-17.3762566;-66.1566854;2025-06-10 15:14:44;2025-06-10 15:14:46;exitoso;;4 caracteres
FB;WIFI;Envio de foto;-17.3762566;-66.1566854;2025-06-10 15:14:48;2025-06-10 15:14:52;fallido;Elemento no encontrado;0 MB
FB;WIFI;Envio de video;-17.3762566;-66.1566854;2025-06-10 15:14:55;2025-06-10 15:14:55;fallido;Elemento no encontrado;0 MB
FB;WIFI;Envio de documento;-17.3762566;-66.1566854;2025-06-10 15:14:59;2025-06-10 15:15:10;fallido;Time Out;0 MB
FB;WIFI;Carga feed;-17.3762566;-66.1566854;2025-06-10 15:18:57;2025-06-10 15:19:00;fallido;Elemento no encontrado;
FB;WIFI;Carga feed;-17.3762566;-66.1566854;2025-06-10 15:19:20;2025-06-10 15:19:21;exitoso;;
FB;WIFI;Publicar historia;-17.3762566;-66.1566854;2025-06-10 15:19:37;2025-06-10 15:19:42;exitoso;;2 MB
FB;WIFI;Reproduccion video corto;-17.3762566;-66.1566854;2025-06-10 15:19:43;2025-06-10 15:19:59;exitoso;;
FB;WIFI;Envio de mensaje;-17.3762566;-66.1566854;2025-06-10 15:20:12;2025-06-10 15:20:13;exitoso;;4 caracteres
FB;WIFI;Envio de foto;-17.3762566;-66.1566854;2025-06-10 15:20:16;2025-06-10 15:20:19;exitoso;;1.9M
FB;WIFI;Envio de video;-17.3762566;-66.1566854;2025-06-10 15:20:23;2025-06-10 15:20:23;fallido;Elemento no encontrado;0 MB
FB;WIFI;Envio de documento;-17.3762566;-66.1566854;2025-06-10 15:20:27;2025-06-10 15:20:31;exitoso;;1.27 MB
FB;WIFI;Carga feed;-17.3762566;-66.1566854;2025-06-10 15:20:39;2025-06-10 15:20:40;exitoso;;
FB;WIFI;Carga feed;-17.3762566;-66.1566854;2025-06-10 15:21:43;2025-06-10 15:21:44;exitoso;;
FB;WIFI;Publicar historia;-17.3762566;-66.1566854;2025-06-10 15:22:02;2025-06-10 15:22:07;exitoso;;2 MB
FB;WIFI;Reproduccion video corto;-17.3762566;-66.1566854;2025-06-10 15:22:07;2025-06-10 15:22:22;exitoso;;
FB;WIFI;Carga feed;-17.3762566;-66.1566854;2025-06-10 15:22:30;2025-06-10 15:22:31;exitoso;;
FB;WIFI;Publicar historia;-17.3762566;-66.1566854;2025-06-10 15:22:48;2025-06-10 15:22:53;exitoso;;2 MB
FB;WIFI;Reproduccion video corto;-17.3762566;-66.1566854;2025-06-10 15:22:54;2025-06-10 15:23:11;exitoso;;
FB;WIFI;Envio de mensaje;-17.3762566;-66.1566854;2025-06-10 15:23:24;2025-06-10 15:23:26;exitoso;;4 caracteres
FB;WIFI;Envio de foto;-17.3762566;-66.1566854;2025-06-10 15:23:29;2025-06-10 15:23:33;exitoso;;1.9M
FB;WIFI;Envio de video;-17.3762566;-66.1566854;2025-06-10 15:23:38;2025-06-10 15:23:42;exitoso;;13M
FB;WIFI;Envio de documento;-17.3762566;-66.1566854;2025-06-10 15:23:45;2025-06-10 15:23:49;exitoso;;1.27 MB
FB;WIFI;Carga feed;-17.3762566;-66.1566854;2025-06-10 16:50:30;2025-06-10 16:50:33;fallido;Elemento no encontrado;
FB;WIFI;Carga feed;-17.3762566;-66.1566854;2025-06-10 16:50:54;2025-06-10 16:50:56;exitoso;;
FB;WIFI;Publicar historia;-17.3762566;-66.1566854;2025-06-10 16:51:13;2025-06-10 16:51:18;exitoso;;2 MB
FB;WIFI;Reproduccion video corto;-17.3762566;-66.1566854;2025-06-10 16:51:18;2025-06-10 16:51:35;exitoso;;
FB;WIFI;Envio de mensaje;-17.3762566;-66.1566854;2025-06-10 16:51:49;2025-06-10 16:51:51;exitoso;;4 caracteres
FB;WIFI;Envio de foto;-17.3762566;-66.1566854;2025-06-10 16:51:54;2025-06-10 16:51:57;exitoso;;1.9M
FB;WIFI;Envio de video;-17.3762566;-66.1566854;2025-06-10 16:52:02;2025-06-10 16:52:06;exitoso;;13M
FB;WIFI;Envio de documento;-17.3762566;-66.1566854;2025-06-10 16:52:11;2025-06-10 16:52:16;exitoso;;1.27 MB
FB;WIFI;Carga feed;-17.3762566;-66.1566854;2025-06-10 16:56:50;2025-06-10 16:56:51;exitoso;;
FB;WIFI;Publicar historia;-17.3762566;-66.1566854;2025-06-10 16:57:07;2025-06-10 16:57:13;exitoso;;2 MB
FB;WIFI;Carga feed;-17.3762566;-66.1566854;2025-06-10 16:58:07;2025-06-10 16:58:08;exitoso;;
FB;WIFI;Carga feed;-17.3762566;-66.1566854;2025-06-10 16:58:24;2025-06-10 16:58:28;fallido;Elemento no encontrado;
FB;WIFI;Carga feed;-17.3762566;-66.1566854;2025-06-10 16:58:49;2025-06-10 16:58:51;exitoso;;
FB;WIFI;Carga feed;-17.3764063;-66.1567592;2025-06-11 11:19:35;2025-06-11 11:19:37;exitoso;;
FB;WIFI;Publicar historia;-17.3764063;-66.1567592;2025-06-11 11:19:54;2025-06-11 11:19:59;exitoso;;2 MB
FB;WIFI;Reproduccion video corto;-17.3764063;-66.1567592;2025-06-11 11:19:59;2025-06-11 11:20:16;exitoso;;
FB;WIFI;Envio de mensaje;-17.3764063;-66.1567592;2025-06-11 11:20:30;2025-06-11 11:20:32;exitoso;;4 caracteres
FB;WIFI;Envio de foto;-17.3764063;-66.1567592;2025-06-11 11:20:34;2025-06-11 11:20:38;exitoso;;1.9M
FB;WIFI;Envio de video;-17.3764063;-66.1567592;2025-06-11 11:20:42;2025-06-11 11:20:42;fallido;Elemento no encontrado;0 MB
FB;WIFI;Carga feed;-17.3764063;-66.1567592;2025-06-11 11:21:01;2025-06-11 11:21:03;exitoso;;
FB;WIFI;Carga feed;-17.3764063;-66.1567592;2025-06-11 11:25:29;2025-06-11 11:25:31;exitoso;;
FB;WIFI;Publicar historia;-17.3764063;-66.1567592;2025-06-11 11:25:48;2025-06-11 11:25:54;exitoso;;2 MB
FB;WIFI;Reproduccion video corto;-17.3764063;-66.1567592;2025-06-11 11:25:55;2025-06-11 11:26:11;exitoso;;
FB;WIFI;Envio de mensaje;-17.3764063;-66.1567592;2025-06-11 11:26:26;2025-06-11 11:26:28;exitoso;;4 caracteres
FB;WIFI;Envio de foto;-17.3764063;-66.1567592;2025-06-11 11:26:30;2025-06-11 11:26:34;exitoso;;1.9M
FB;WIFI;Envio de video;-17.3764063;-66.1567592;2025-06-11 11:26:39;2025-06-11 11:26:43;exitoso;;13M
FB;WIFI;Envio de documento;-17.3764063;-66.1567592;2025-06-11 11:26:46;2025-06-11 11:26:50;exitoso;;1.27 MB
FB;WIFI;Carga feed;-17.3764063;-66.1567592;2025-06-11 11:26:57;2025-06-11 11:26:59;exitoso;;
FB;WIFI;Publicar historia;-17.3764063;-66.1567592;2025-06-11 11:27:17;2025-06-11 11:27:23;exitoso;;2 MB
FB;WIFI;Reproduccion video corto;-17.3764063;-66.1567592;2025-06-11 11:27:24;2025-06-11 11:27:41;exitoso;;
FB;WIFI;Envio de mensaje;-17.3764063;-66.1567592;2025-06-11 11:27:55;2025-06-11 11:27:57;exitoso;;4 caracteres
FB;WIFI;Envio de foto;-17.3764063;-66.1567592;2025-06-11 11:27:59;2025-06-11 11:28:03;exitoso;;1.9M
FB;WIFI;Envio de video;-17.3764063;-66.1567592;2025-06-11 11:28:08;2025-06-11 11:28:12;exitoso;;13M
FB;WIFI;Envio de documento;-17.3764063;-66.1567592;2025-06-11 11:28:16;2025-06-11 11:28:19;exitoso;;1.27 MB
FB;WIFI;Carga feed;-17.3764063;-66.1567592;2025-06-11 11:28:27;2025-06-11 11:28:29;exitoso;;
FB;WIFI;Publicar historia;-17.3764063;-66.1567592;2025-06-11 11:28:46;2025-06-11 11:28:51;exitoso;;2 MB
FB;WIFI;Reproduccion video corto;-17.3764063;-66.1567592;2025-06-11 11:28:52;2025-06-11 11:29:09;exitoso;;
FB;WIFI;Envio de mensaje;-17.3764063;-66.1567592;2025-06-11 11:29:22;2025-06-11 11:29:24;exitoso;;4 caracteres
FB;WIFI;Envio de foto;-17.3764063;-66.1567592;2025-06-11 11:29:26;2025-06-11 11:29:30;exitoso;;1.9M
FB;WIFI;Envio de video;-17.3764063;-66.1567592;2025-06-11 11:29:35;2025-06-11 11:29:39;exitoso;;13M
FB;WIFI;Envio de documento;-17.3764063;-66.1567592;2025-06-11 11:29:42;2025-06-11 11:29:46;exitoso;;1.27 MB
FB;WIFI;Carga feed;-17.3763531;-66.156793;2025-06-11 14:54:05;2025-06-11 14:54:09;fallido;Elemento no encontrado;
FB;WIFI;Carga feed;-17.3763531;-66.156793;2025-06-11 14:54:29;2025-06-11 14:54:31;exitoso;;
FB;WIFI;Publicar historia;-17.3763531;-66.156793;2025-06-11 14:54:50;2025-06-11 14:54:54;exitoso;;2 MB
FB;WIFI;Reproduccion video corto;-17.3763534;-66.1567926;2025-06-11 14:54:55;2025-06-11 14:55:12;exitoso;;
FB;WIFI;Envio de mensaje;-17.3763534;-66.1567926;2025-06-11 14:55:27;2025-06-11 14:55:29;exitoso;;4 caracteres
FB;WIFI;Envio de foto;-17.3763534;-66.1567926;2025-06-11 14:55:32;2025-06-11 14:55:36;exitoso;;1.9M
FB;WIFI;Envio de video;-17.3763534;-66.1567926;2025-06-11 14:55:41;2025-06-11 14:55:45;exitoso;;13M
FB;WIFI;Envio de documento;-17.3763534;-66.1567926;2025-06-11 14:55:49;2025-06-11 14:56:01;fallido;Time Out;0 MB
FB;WIFI;Carga feed;-17.3763656;-66.1568184;2025-06-11 14:56:09;2025-06-11 14:56:10;exitoso;;
FB;WIFI;Publicar historia;-17.3763656;-66.1568184;2025-06-11 14:56:27;2025-06-11 14:56:32;exitoso;;2 MB
FB;WIFI;Reproduccion video corto;-17.3763656;-66.1568184;2025-06-11 14:56:32;2025-06-11 14:56:49;exitoso;;
FB;WIFI;Envio de mensaje;-17.3763628;-66.1568523;2025-06-11 14:57:04;2025-06-11 14:57:06;exitoso;;4 caracteres
FB;WIFI;Envio de foto;-17.3763628;-66.1568523;2025-06-11 14:57:09;2025-06-11 14:57:12;exitoso;;1.9M
FB;WIFI;Envio de video;-17.3763628;-66.1568523;2025-06-11 14:57:17;2025-06-11 14:57:20;exitoso;;13M
FB;WIFI;Envio de documento;-17.3763628;-66.1568523;2025-06-11 14:57:24;2025-06-11 14:57:29;exitoso;;1.27 MB
FB;WIFI;Carga feed;-17.3763628;-66.1568523;2025-06-11 14:57:37;2025-06-11 14:57:38;exitoso;;
FB;WIFI;Publicar historia;-17.3763565;-66.1567914;2025-06-11 14:57:57;2025-06-11 14:58:03;exitoso;;2 MB
FB;WIFI;Reproduccion video corto;-17.3763565;-66.1567914;2025-06-11 14:58:04;2025-06-11 14:58:21;exitoso;;
FB;WIFI;Envio de mensaje;-17.3763565;-66.1567914;2025-06-11 14:58:34;2025-06-11 14:58:36;exitoso;;4 caracteres
FB;WIFI;Envio de foto;-17.3763565;-66.1567914;2025-06-11 14:58:38;2025-06-11 14:58:43;exitoso;;1.9M
FB;WIFI;Envio de video;-17.3763565;-66.1567914;2025-06-11 14:58:48;2025-06-11 14:58:52;exitoso;;13M
FB;WIFI;Envio de documento;-17.3763562;-66.1568041;2025-06-11 14:58:55;2025-06-11 14:58:58;exitoso;;1.27 MB
FB;WIFI;Carga feed;-17.3763562;-66.1568041;2025-06-11 14:59:06;2025-06-11 14:59:08;exitoso;;
FB;WIFI;Publicar historia;-17.3763562;-66.1568041;2025-06-11 14:59:25;2025-06-11 14:59:32;exitoso;;2 MB
FB;WIFI;Reproduccion video corto;-17.3763562;-66.1568041;2025-06-11 14:59:32;2025-06-11 14:59:49;exitoso;;
FB;WIFI;Envio de mensaje;-17.376352;-66.1567908;2025-06-11 15:00:04;2025-06-11 15:00:06;exitoso;;4 caracteres
FB;WIFI;Envio de foto;-17.376352;-66.1567908;2025-06-11 15:00:08;2025-06-11 15:00:12;exitoso;;1.9M
FB;WIFI;Envio de video;-17.376352;-66.1567908;2025-06-11 15:00:16;2025-06-11 15:00:20;exitoso;;13M
FB;WIFI;Envio de documento;-17.376352;-66.1567908;2025-06-11 15:00:23;2025-06-11 15:00:27;exitoso;;1.27 MB
FB;WIFI;Carga feed;-17.376352;-66.1567908;2025-06-11 15:00:35;2025-06-11 15:00:36;exitoso;;
FB;WIFI;Publicar historia;-17.3763596;-66.1568;2025-06-11 15:00:54;2025-06-11 15:00:57;exitoso;;2 MB
FB;WIFI;Reproduccion video corto;-17.3763596;-66.1568;2025-06-11 15:00:58;2025-06-11 15:01:15;exitoso;;
FB;WIFI;Envio de mensaje;-17.3763596;-66.1568;2025-06-11 15:01:29;2025-06-11 15:01:31;exitoso;;4 caracteres
FB;WIFI;Envio de foto;-17.3763596;-66.1568;2025-06-11 15:01:33;2025-06-11 15:01:37;exitoso;;1.9M
FB;WIFI;Envio de video;-17.3763596;-66.1568;2025-06-11 15:01:42;2025-06-11 15:01:46;exitoso;;13M
FB;WIFI;Envio de documento;-17.3763596;-66.1568;2025-06-11 15:01:49;2025-06-11 15:01:53;exitoso;;1.27 MB
FB;WIFI;Carga feed;-17.3763496;-66.1567881;2025-06-11 15:02:01;2025-06-11 15:02:03;exitoso;;
FB;WIFI;Publicar historia;-17.3763496;-66.1567881;2025-06-11 15:02:20;2025-06-11 15:02:24;exitoso;;2 MB
FB;WIFI;Reproduccion video corto;-17.3763496;-66.1567881;2025-06-11 15:02:25;2025-06-11 15:02:41;exitoso;;
FB;WIFI;Envio de mensaje;-17.3763322;-66.1567713;2025-06-11 15:02:54;2025-06-11 15:02:56;exitoso;;4 caracteres
FB;WIFI;Envio de foto;-17.3763322;-66.1567713;2025-06-11 15:02:59;2025-06-11 15:03:04;exitoso;;1.9M
FB;WIFI;Envio de video;-17.3763322;-66.1567713;2025-06-11 15:03:09;2025-06-11 15:03:13;exitoso;;13M
FB;WIFI;Envio de documento;-17.3763322;-66.1567713;2025-06-11 15:03:16;2025-06-11 15:03:28;fallido;Time Out;0 MB
FB;WIFI;Carga feed;-17.3763322;-66.1567713;2025-06-11 15:03:36;2025-06-11 15:03:37;exitoso;;
FB;WIFI;Publicar historia;-17.3762826;-66.1567283;2025-06-11 15:03:54;2025-06-11 15:03:59;exitoso;;2 MB
FB;WIFI;Reproduccion video corto;-17.3762826;-66.1567283;2025-06-11 15:04:00;2025-06-11 15:04:17;exitoso;;
FB;WIFI;Envio de mensaje;-17.3762826;-66.1567283;2025-06-11 15:04:31;2025-06-11 15:04:33;exitoso;;4 caracteres
FB;WIFI;Envio de foto;-17.3762826;-66.1567283;2025-06-11 15:04:35;2025-06-11 15:04:39;exitoso;;1.9M
FB;WIFI;Envio de video;-17.3762826;-66.1567283;2025-06-11 15:04:43;2025-06-11 15:04:47;exitoso;;13M
FB;WIFI;Envio de documento;-17.3762826;-66.1567283;2025-06-11 15:04:50;2025-06-11 15:04:55;exitoso;;1.27 MB
FB;WIFI;Carga feed;-17.3762949;-66.1567411;2025-06-11 15:05:02;2025-06-11 15:05:04;exitoso;;
FB;WIFI;Publicar historia;-17.3762949;-66.1567411;2025-06-11 15:05:21;2025-06-11 15:05:26;exitoso;;2 MB
FB;WIFI;Reproduccion video corto;-17.3762949;-66.1567411;2025-06-11 15:05:27;2025-06-11 15:05:43;exitoso;;
FB;WIFI;Envio de mensaje;-17.3763628;-66.1568019;2025-06-11 15:05:57;2025-06-11 15:05:59;exitoso;;4 caracteres
FB;WIFI;Envio de foto;-17.3763628;-66.1568019;2025-06-11 15:06:02;2025-06-11 15:06:06;exitoso;;1.9M
FB;WIFI;Envio de video;-17.3763628;-66.1568019;2025-06-11 15:06:11;2025-06-11 15:06:15;exitoso;;13M
FB;WIFI;Envio de documento;-17.3763628;-66.1568019;2025-06-11 15:06:18;2025-06-11 15:06:24;exitoso;;1.27 MB
FB;WIFI;Carga feed;-17.3763628;-66.1568019;2025-06-11 15:06:30;2025-06-11 15:06:32;exitoso;;
FB;WIFI;Publicar historia;-17.3763628;-66.1568019;2025-06-11 15:06:48;2025-06-11 15:06:53;exitoso;;2 MB
FB;WIFI;Reproduccion video corto;-17.3763386;-66.1567561;2025-06-11 15:06:53;2025-06-11 15:07:10;exitoso;;
FB;WIFI;Envio de mensaje;-17.3763386;-66.1567561;2025-06-11 15:07:24;2025-06-11 15:07:26;exitoso;;4 caracteres
FB;WIFI;Envio de foto;-17.3763386;-66.1567561;2025-06-11 15:07:28;2025-06-11 15:07:32;exitoso;;1.9M
FB;WIFI;Envio de video;-17.3763386;-66.1567561;2025-06-11 15:07:37;2025-06-11 15:07:41;exitoso;;13M
FB;WIFI;Envio de documento;-17.3763386;-66.1567561;2025-06-11 15:07:44;2025-06-11 15:07:48;exitoso;;1.27 MB
FB;WIFI;Carga feed;-17.3763499;-66.1567802;2025-06-11 15:07:55;2025-06-11 15:07:57;exitoso;;
FB;WIFI;Publicar historia;-17.3763499;-66.1567802;2025-06-11 15:08:14;2025-06-11 15:08:18;exitoso;;2 MB
FB;WIFI;Reproduccion video corto;-17.3763499;-66.1567802;2025-06-11 15:08:19;2025-06-11 15:08:36;exitoso;;
FB;WIFI;Envio de mensaje;-17.3763499;-66.1567802;2025-06-11 15:08:51;2025-06-11 15:08:53;exitoso;;4 caracteres
FB;WIFI;Envio de foto;-17.3763638;-66.1567994;2025-06-11 15:08:55;2025-06-11 15:08:59;exitoso;;1.9M
FB;WIFI;Envio de video;-17.3763638;-66.1567994;2025-06-11 15:09:04;2025-06-11 15:09:08;exitoso;;13M
FB;WIFI;Envio de documento;-17.3763638;-66.1567994;2025-06-11 15:09:11;2025-06-11 15:09:14;exitoso;;1.27 MB
FB;WIFI;Carga feed;-17.3763638;-66.1567994;2025-06-11 15:09:21;2025-06-11 15:09:23;exitoso;;
FB;WIFI;Publicar historia;-17.3763638;-66.1567994;2025-06-11 15:09:41;2025-06-11 15:09:48;exitoso;;2 MB
FB;WIFI;Reproduccion video corto;-17.3763638;-66.1567994;2025-06-11 15:09:49;2025-06-11 15:10:06;exitoso;;
FB;WIFI;Envio de mensaje;-17.3763433;-66.1567721;2025-06-11 15:10:19;2025-06-11 15:10:21;exitoso;;4 caracteres
FB;WIFI;Envio de foto;-17.3763433;-66.1567721;2025-06-11 15:10:24;2025-06-11 15:10:27;exitoso;;1.9M
FB;WIFI;Envio de video;-17.3763433;-66.1567721;2025-06-11 15:10:32;2025-06-11 15:10:35;exitoso;;13M
FB;WIFI;Envio de documento;-17.3763433;-66.1567721;2025-06-11 15:10:39;2025-06-11 15:10:47;exitoso;;1.27 MB
FB;WIFI;Carga feed;-17.376341;-66.1567727;2025-06-11 15:10:54;2025-06-11 15:10:56;exitoso;;
FB;WIFI;Publicar historia;-17.376341;-66.1567727;2025-06-11 15:11:16;2025-06-11 15:11:20;exitoso;;2 MB
FB;WIFI;Reproduccion video corto;-17.376341;-66.1567727;2025-06-11 15:11:21;2025-06-11 15:11:38;exitoso;;
FB;WIFI;Envio de mensaje;-17.376341;-66.1567727;2025-06-11 15:11:52;2025-06-11 15:11:54;exitoso;;4 caracteres
FB;WIFI;Envio de foto;-17.376368;-66.1568026;2025-06-11 15:11:56;2025-06-11 15:12:00;exitoso;;1.9M
FB;WIFI;Envio de video;-17.376368;-66.1568026;2025-06-11 15:12:04;2025-06-11 15:12:08;exitoso;;13M
FB;WIFI;Envio de documento;-17.376368;-66.1568026;2025-06-11 15:12:11;2025-06-11 15:12:15;exitoso;;1.27 MB
FB;WIFI;Carga feed;-17.376368;-66.1568026;2025-06-11 15:12:22;2025-06-11 15:12:23;exitoso;;
FB;WIFI;Publicar historia;-17.376368;-66.1568026;2025-06-11 15:12:39;2025-06-11 15:12:42;exitoso;;2 MB
FB;WIFI;Reproduccion video corto;-17.376368;-66.1568026;2025-06-11 15:12:43;2025-06-11 15:13:00;exitoso;;
FB;WIFI;Envio de mensaje;-17.3763417;-66.1567792;2025-06-11 15:13:15;2025-06-11 15:13:17;exitoso;;4 caracteres
FB;WIFI;Envio de foto;-17.3763417;-66.1567792;2025-06-11 15:13:19;2025-06-11 15:13:23;exitoso;;1.9M
FB;WIFI;Envio de video;-17.3763417;-66.1567792;2025-06-11 15:13:28;2025-06-11 15:13:32;exitoso;;13M
FB;WIFI;Envio de documento;-17.3763417;-66.1567792;2025-06-11 15:13:35;2025-06-11 15:13:39;exitoso;;1.27 MB
FB;WIFI;Carga feed;-17.3763417;-66.1567792;2025-06-11 15:13:46;2025-06-11 15:13:48;exitoso;;
FB;WIFI;Publicar historia;-17.3763178;-66.1567712;2025-06-11 15:14:07;2025-06-11 15:14:10;exitoso;;2 MB
FB;WIFI;Reproduccion video corto;-17.3763178;-66.1567712;2025-06-11 15:14:11;2025-06-11 15:14:28;exitoso;;
FB;WIFI;Envio de mensaje;-17.3763178;-66.1567712;2025-06-11 15:14:41;2025-06-11 15:14:43;exitoso;;4 caracteres
FB;WIFI;Envio de foto;-17.3763178;-66.1567712;2025-06-11 15:14:45;2025-06-11 15:14:49;exitoso;;1.9M
FB;WIFI;Envio de video;-17.3763493;-66.1567724;2025-06-11 15:14:54;2025-06-11 15:14:58;exitoso;;13M
FB;WIFI;Envio de documento;-17.3763493;-66.1567724;2025-06-11 15:15:01;2025-06-11 15:15:04;exitoso;;1.27 MB
FB;WIFI;Carga feed;-17.3763493;-66.1567724;2025-06-11 15:15:12;2025-06-11 15:15:14;exitoso;;
FB;WIFI;Publicar historia;-17.3763493;-66.1567724;2025-06-11 15:15:32;2025-06-11 15:15:35;exitoso;;2 MB
FB;WIFI;Reproduccion video corto;-17.3763493;-66.1567724;2025-06-11 15:15:36;2025-06-11 15:15:53;exitoso;;
FB;WIFI;Envio de mensaje;-17.3763373;-66.156788;2025-06-11 15:16:07;2025-06-11 15:16:09;exitoso;;4 caracteres
FB;WIFI;Envio de foto;-17.3763373;-66.156788;2025-06-11 15:16:12;2025-06-11 15:16:15;exitoso;;1.9M
FB;WIFI;Envio de video;-17.3763373;-66.156788;2025-06-11 15:16:20;2025-06-11 15:16:24;exitoso;;13M
FB;WIFI;Envio de documento;-17.3763373;-66.156788;2025-06-11 15:16:28;2025-06-11 15:16:31;exitoso;;1.27 MB
FB;WIFI;Carga feed;-17.3763373;-66.156788;2025-06-11 15:16:39;2025-06-11 15:16:40;exitoso;;
FB;WIFI;Publicar historia;-17.3763595;-66.1567991;2025-06-11 15:16:57;2025-06-11 15:17:02;exitoso;;2 MB
FB;WIFI;Reproduccion video corto;-17.3763595;-66.1567991;2025-06-11 15:17:03;2025-06-11 15:17:21;exitoso;;
FB;WIFI;Envio de mensaje;-17.3763595;-66.1567991;2025-06-11 15:17:34;2025-06-11 15:17:36;exitoso;;4 caracteres
FB;WIFI;Envio de foto;-17.3763595;-66.1567991;2025-06-11 15:17:38;2025-06-11 15:17:42;exitoso;;1.9M
FB;WIFI;Envio de video;-17.3763595;-66.1567991;2025-06-11 15:17:47;2025-06-11 15:17:51;exitoso;;13M
FB;WIFI;Envio de documento;-17.3763583;-66.1568143;2025-06-11 15:17:54;2025-06-11 15:17:59;exitoso;;1.27 MB
FB;WIFI;Carga feed;-17.3763583;-66.1568143;2025-06-11 15:18:07;2025-06-11 15:18:08;exitoso;;
FB;WIFI;Publicar historia;-17.3763583;-66.1568143;2025-06-11 15:18:25;2025-06-11 15:18:30;exitoso;;2 MB
FB;WIFI;Reproduccion video corto;-17.3763583;-66.1568143;2025-06-11 15:18:31;2025-06-11 15:18:47;exitoso;;
FB;WIFI;Envio de mensaje;-17.3763385;-66.1567723;2025-06-11 15:19:01;2025-06-11 15:19:03;exitoso;;4 caracteres
FB;WIFI;Envio de foto;-17.3763385;-66.1567723;2025-06-11 15:19:05;2025-06-11 15:19:09;exitoso;;1.9M
FB;WIFI;Envio de video;-17.3763385;-66.1567723;2025-06-11 15:19:14;2025-06-11 15:19:17;exitoso;;13M
FB;WIFI;Envio de documento;-17.3763385;-66.1567723;2025-06-11 15:19:21;2025-06-11 15:19:24;exitoso;;1.27 MB
FB;WIFI;Carga feed;-17.3763385;-66.1567723;2025-06-11 15:19:32;2025-06-11 15:19:33;exitoso;;
FB;WIFI;Publicar historia;-17.3763385;-66.1567723;2025-06-11 15:19:50;2025-06-11 15:19:55;exitoso;;2 MB
FB;WIFI;Reproduccion video corto;-17.3763353;-66.1567756;2025-06-11 15:19:56;2025-06-11 15:20:12;exitoso;;
FB;WIFI;Envio de mensaje;-17.3763353;-66.1567756;2025-06-11 15:20:25;2025-06-11 15:20:27;exitoso;;4 caracteres
FB;WIFI;Envio de foto;-17.3763353;-66.1567756;2025-06-11 15:20:30;2025-06-11 15:20:33;exitoso;;1.9M
FB;WIFI;Envio de video;-17.3763353;-66.1567756;2025-06-11 15:20:39;2025-06-11 15:20:43;exitoso;;13M
FB;WIFI;Envio de documento;-17.3763353;-66.1567756;2025-06-11 15:20:46;2025-06-11 15:20:50;exitoso;;1.27 MB
FB;WIFI;Carga feed;-17.3763433;-66.1567706;2025-06-11 15:20:58;2025-06-11 15:21:00;exitoso;;
FB;WIFI;Publicar historia;-17.3763433;-66.1567706;2025-06-11 15:21:18;2025-06-11 15:21:23;exitoso;;2 MB
FB;WIFI;Reproduccion video corto;-17.3763433;-66.1567706;2025-06-11 15:21:23;2025-06-11 15:21:40;exitoso;;
FB;WIFI;Envio de mensaje;-17.3763633;-66.1568116;2025-06-11 15:21:54;2025-06-11 15:21:56;exitoso;;4 caracteres
FB;WIFI;Envio de foto;-17.3763633;-66.1568116;2025-06-11 15:21:59;2025-06-11 15:22:03;exitoso;;1.9M
FB;WIFI;Envio de video;-17.3763633;-66.1568116;2025-06-11 15:22:08;2025-06-11 15:22:11;exitoso;;13M
FB;WIFI;Envio de documento;-17.3763633;-66.1568116;2025-06-11 15:22:15;2025-06-11 15:22:20;exitoso;;1.27 MB
FB;WIFI;Carga feed;-17.3763633;-66.1568116;2025-06-11 15:22:27;2025-06-11 15:22:29;exitoso;;
FB;WIFI;Publicar historia;-17.3763633;-66.1568116;2025-06-11 15:22:46;2025-06-11 15:22:49;exitoso;;2 MB
FB;WIFI;Reproduccion video corto;-17.3763633;-66.1568116;2025-06-11 15:22:50;2025-06-11 15:23:07;exitoso;;
FB;WIFI;Envio de mensaje;-17.3763497;-66.1567865;2025-06-11 15:23:22;2025-06-11 15:23:24;exitoso;;4 caracteres
FB;WIFI;Envio de foto;-17.3763497;-66.1567865;2025-06-11 15:23:26;2025-06-11 15:23:30;exitoso;;1.9M
FB;WIFI;Envio de video;-17.3763497;-66.1567865;2025-06-11 15:23:34;2025-06-11 15:23:38;exitoso;;13M
FB;WIFI;Envio de documento;-17.3763497;-66.1567865;2025-06-11 15:23:42;2025-06-11 15:23:46;exitoso;;1.27 MB
FB;WIFI;Carga feed;-17.3763438;-66.1567851;2025-06-11 15:23:54;2025-06-11 15:23:56;exitoso;;
FB;WIFI;Publicar historia;-17.3763438;-66.1567851;2025-06-11 15:24:13;2025-06-11 15:24:17;exitoso;;2 MB
FB;WIFI;Reproduccion video corto;-17.3763438;-66.1567851;2025-06-11 15:24:18;2025-06-11 15:24:34;exitoso;;
FB;WIFI;Envio de mensaje;-17.3763438;-66.1567851;2025-06-11 15:24:50;2025-06-11 15:24:52;exitoso;;4 caracteres
FB;WIFI;Envio de foto;-17.3762497;-66.1566923;2025-06-11 15:24:55;2025-06-11 15:25:00;exitoso;;1.9M
FB;WIFI;Envio de video;-17.3762497;-66.1566923;2025-06-11 15:25:04;2025-06-11 15:25:08;exitoso;;13M
FB;WIFI;Envio de documento;-17.3762497;-66.1566923;2025-06-11 15:25:11;2025-06-11 15:25:15;exitoso;;1.27 MB
FB;WIFI;Carga feed;-17.3762497;-66.1566923;2025-06-11 15:25:22;2025-06-11 15:25:24;exitoso;;
FB;WIFI;Publicar historia;-17.3762497;-66.1566923;2025-06-11 15:25:42;2025-06-11 15:25:46;exitoso;;2 MB
FB;WIFI;Reproduccion video corto;-17.3762497;-66.1566923;2025-06-11 15:25:47;2025-06-11 15:26:03;exitoso;;
FB;WIFI;Envio de mensaje;-17.3763696;-66.1568102;2025-06-11 15:26:17;2025-06-11 15:26:19;exitoso;;4 caracteres
FB;WIFI;Envio de foto;-17.3763696;-66.1568102;2025-06-11 15:26:21;2025-06-11 15:26:25;exitoso;;1.9M
FB;WIFI;Envio de video;-17.3763696;-66.1568102;2025-06-11 15:26:29;2025-06-11 15:26:33;exitoso;;13M
FB;WIFI;Envio de documento;-17.3763696;-66.1568102;2025-06-11 15:26:37;2025-06-11 15:26:42;exitoso;;1.27 MB
FB;WIFI;Carga feed;-17.3763696;-66.1568102;2025-06-11 15:26:49;2025-06-11 15:26:51;exitoso;;
FB;WIFI;Publicar historia;-17.3763461;-66.1567845;2025-06-11 15:27:08;2025-06-11 15:27:15;exitoso;;2 MB
FB;WIFI;Reproduccion video corto;-17.3763461;-66.1567845;2025-06-11 15:27:15;2025-06-11 15:27:33;exitoso;;
FB;WIFI;Envio de mensaje;-17.3763461;-66.1567845;2025-06-11 15:27:47;2025-06-11 15:27:50;exitoso;;4 caracteres
FB;WIFI;Envio de foto;-17.3763461;-66.1567845;2025-06-11 15:27:52;2025-06-11 15:27:56;exitoso;;1.9M
FB;WIFI;Envio de video;-17.376373;-66.156812;2025-06-11 15:28:01;2025-06-11 15:28:05;exitoso;;13M
FB;WIFI;Envio de documento;-17.376373;-66.156812;2025-06-11 15:28:08;2025-06-11 15:28:12;exitoso;;1.27 MB
FB;WIFI;Carga feed;-17.376373;-66.156812;2025-06-11 15:28:19;2025-06-11 15:28:21;exitoso;;
FB;WIFI;Publicar historia;-17.376373;-66.156812;2025-06-11 15:28:37;2025-06-11 15:28:41;exitoso;;2 MB
FB;WIFI;Reproduccion video corto;-17.376373;-66.156812;2025-06-11 15:28:42;2025-06-11 15:28:59;exitoso;;
FB;WIFI;Envio de mensaje;-17.3763665;-66.1568133;2025-06-11 15:29:14;2025-06-11 15:29:16;exitoso;;4 caracteres
FB;WIFI;Envio de foto;-17.3763665;-66.1568133;2025-06-11 15:29:19;2025-06-11 15:29:22;exitoso;;1.9M
FB;WIFI;Envio de video;-17.3763665;-66.1568133;2025-06-11 15:29:27;2025-06-11 15:29:30;exitoso;;13M
FB;WIFI;Envio de documento;-17.3763665;-66.1568133;2025-06-11 15:29:34;2025-06-11 15:29:38;exitoso;;1.27 MB
FB;WIFI;Carga feed;-17.3763665;-66.1568133;2025-06-11 15:29:45;2025-06-11 15:29:47;exitoso;;
FB;WIFI;Publicar historia;-17.3763188;-66.1567644;2025-06-11 15:30:06;2025-06-11 15:30:11;exitoso;;2 MB
FB;WIFI;Reproduccion video corto;-17.3763188;-66.1567644;2025-06-11 15:30:11;2025-06-11 15:30:28;exitoso;;
FB;WIFI;Envio de mensaje;-17.3763188;-66.1567644;2025-06-11 15:30:42;2025-06-11 15:30:45;exitoso;;4 caracteres
FB;WIFI;Envio de foto;-17.3763188;-66.1567644;2025-06-11 15:30:47;2025-06-11 15:30:51;exitoso;;1.9M
FB;WIFI;Envio de video;-17.3763188;-66.1567644;2025-06-11 15:30:56;2025-06-11 15:31:00;exitoso;;13M
FB;WIFI;Envio de documento;-17.3763188;-66.1567644;2025-06-11 15:31:03;2025-06-11 15:31:07;exitoso;;1.27 MB
FB;WIFI;Carga feed;-17.3763188;-66.1567644;2025-06-11 15:31:14;2025-06-11 15:31:16;exitoso;;
FB;WIFI;Publicar historia;-17.3763188;-66.1567644;2025-06-11 15:31:34;2025-06-11 15:31:38;exitoso;;2 MB
FB;WIFI;Reproduccion video corto;-17.3763188;-66.1567644;2025-06-11 15:31:38;2025-06-11 15:31:57;exitoso;;
FB;WIFI;Envio de mensaje;-17.3763188;-66.1567644;2025-06-11 15:32:11;2025-06-11 15:32:13;exitoso;;4 caracteres
FB;WIFI;Envio de foto;-17.3763188;-66.1567644;2025-06-11 15:32:15;2025-06-11 15:32:19;exitoso;;1.9M
FB;WIFI;Envio de video;-17.3763188;-66.1567644;2025-06-11 15:32:23;2025-06-11 15:32:27;exitoso;;13M
FB;WIFI;Envio de documento;-17.3763188;-66.1567644;2025-06-11 15:32:30;2025-06-11 15:32:34;exitoso;;1.27 MB
FB;WIFI;Carga feed;-17.3763188;-66.1567644;2025-06-11 15:32:41;2025-06-11 15:32:43;exitoso;;
FB;WIFI;Publicar historia;-17.3763188;-66.1567644;2025-06-11 15:33:02;2025-06-11 15:33:06;exitoso;;2 MB
FB;WIFI;Reproduccion video corto;-17.3763188;-66.1567644;2025-06-11 15:33:06;2025-06-11 15:33:23;exitoso;;
FB;WIFI;Envio de mensaje;-17.3763188;-66.1567644;2025-06-11 15:33:37;2025-06-11 15:33:39;exitoso;;4 caracteres
FB;WIFI;Envio de foto;-17.3763188;-66.1567644;2025-06-11 15:33:42;2025-06-11 15:33:45;exitoso;;1.9M
FB;WIFI;Envio de video;-17.3763188;-66.1567644;2025-06-11 15:33:50;2025-06-11 15:33:53;exitoso;;13M
FB;WIFI;Envio de documento;-17.3763188;-66.1567644;2025-06-11 15:33:56;2025-06-11 15:34:03;exitoso;;1.27 MB
FB;WIFI;Carga feed;-17.3763188;-66.1567644;2025-06-11 15:34:10;2025-06-11 15:34:12;exitoso;;
FB;WIFI;Publicar historia;-17.3763188;-66.1567644;2025-06-11 15:34:29;2025-06-11 15:34:35;exitoso;;2 MB
FB;WIFI;Reproduccion video corto;-17.3763188;-66.1567644;2025-06-11 15:34:36;2025-06-11 15:34:52;exitoso;;
FB;WIFI;Envio de mensaje;-17.3763188;-66.1567644;2025-06-11 15:35:07;2025-06-11 15:35:09;exitoso;;4 caracteres
FB;WIFI;Envio de foto;-17.3763188;-66.1567644;2025-06-11 15:35:11;2025-06-11 15:35:15;exitoso;;1.9M
FB;WIFI;Envio de video;-17.3763188;-66.1567644;2025-06-11 15:35:19;2025-06-11 15:35:23;exitoso;;13M
FB;WIFI;Envio de documento;-17.3763188;-66.1567644;2025-06-11 15:35:27;2025-06-11 15:35:31;exitoso;;1.27 MB
FB;WIFI;Carga feed;-17.3763188;-66.1567644;2025-06-11 15:35:39;2025-06-11 15:35:41;exitoso;;
FB;WIFI;Publicar historia;-17.3763188;-66.1567644;2025-06-11 15:35:58;2025-06-11 15:36:03;exitoso;;2 MB
FB;WIFI;Reproduccion video corto;-17.3763188;-66.1567644;2025-06-11 15:36:04;2025-06-11 15:36:21;exitoso;;
FB;WIFI;Envio de mensaje;-17.3763188;-66.1567644;2025-06-11 15:36:35;2025-06-11 15:36:37;exitoso;;4 caracteres
FB;WIFI;Envio de foto;-17.3763188;-66.1567644;2025-06-11 15:36:39;2025-06-11 15:36:42;exitoso;;1.9M
FB;WIFI;Envio de video;-17.3763188;-66.1567644;2025-06-11 15:36:47;2025-06-11 15:36:51;exitoso;;13M
FB;WIFI;Envio de documento;-17.3763188;-66.1567644;2025-06-11 15:36:54;2025-06-11 15:36:58;exitoso;;1.27 MB
FB;WIFI;Carga feed;-17.3763188;-66.1567644;2025-06-11 15:37:06;2025-06-11 15:37:08;exitoso;;
FB;WIFI;Publicar historia;-17.3763188;-66.1567644;2025-06-11 15:37:25;2025-06-11 15:37:29;exitoso;;2 MB
FB;WIFI;Reproduccion video corto;-17.3763188;-66.1567644;2025-06-11 15:37:30;2025-06-11 15:37:47;exitoso;;
FB;WIFI;Envio de mensaje;-17.3763188;-66.1567644;2025-06-11 15:38:03;2025-06-11 15:38:05;exitoso;;4 caracteres
FB;WIFI;Envio de foto;-17.3763188;-66.1567644;2025-06-11 15:38:07;2025-06-11 15:38:11;exitoso;;1.9M
FB;WIFI;Envio de video;-17.3763188;-66.1567644;2025-06-11 15:38:15;2025-06-11 15:38:19;exitoso;;13M
FB;WIFI;Envio de documento;-17.3763188;-66.1567644;2025-06-11 15:38:22;2025-06-11 15:38:26;exitoso;;1.27 MB
FB;WIFI;Carga feed;-17.3763188;-66.1567644;2025-06-11 15:38:33;2025-06-11 15:38:35;exitoso;;
FB;WIFI;Publicar historia;-17.3763188;-66.1567644;2025-06-11 15:38:53;2025-06-11 15:38:57;exitoso;;2 MB
FB;WIFI;Reproduccion video corto;-17.3763188;-66.1567644;2025-06-11 15:38:58;2025-06-11 15:39:14;exitoso;;
FB;WIFI;Envio de mensaje;-17.3763188;-66.1567644;2025-06-11 15:39:27;2025-06-11 15:39:30;exitoso;;4 caracteres
FB;WIFI;Envio de foto;-17.3763188;-66.1567644;2025-06-11 15:39:32;2025-06-11 15:39:36;exitoso;;1.9M
FB;WIFI;Envio de video;-17.3763188;-66.1567644;2025-06-11 15:39:41;2025-06-11 15:39:45;exitoso;;13M
FB;WIFI;Envio de documento;-17.3763188;-66.1567644;2025-06-11 15:39:48;2025-06-11 15:39:52;exitoso;;1.27 MB
FB;WIFI;Carga feed;-17.3763188;-66.1567644;2025-06-11 15:40:00;2025-06-11 15:40:01;exitoso;;
FB;WIFI;Publicar historia;-17.3763188;-66.1567644;2025-06-11 15:40:18;2025-06-11 15:40:22;exitoso;;2 MB
FB;WIFI;Reproduccion video corto;-17.3763188;-66.1567644;2025-06-11 15:40:23;2025-06-11 15:40:40;exitoso;;
FB;WIFI;Envio de mensaje;-17.3763188;-66.1567644;2025-06-11 15:40:55;2025-06-11 15:40:58;exitoso;;4 caracteres
FB;WIFI;Envio de foto;-17.3763188;-66.1567644;2025-06-11 15:41:00;2025-06-11 15:41:04;exitoso;;1.9M
FB;WIFI;Envio de video;-17.3763188;-66.1567644;2025-06-11 15:41:08;2025-06-11 15:41:12;exitoso;;13M
FB;WIFI;Envio de documento;-17.3763188;-66.1567644;2025-06-11 15:41:15;2025-06-11 15:41:19;exitoso;;1.27 MB
FB;WIFI;Carga feed;-17.3763188;-66.1567644;2025-06-11 15:41:26;2025-06-11 15:41:27;exitoso;;
FB;WIFI;Publicar historia;-17.3763188;-66.1567644;2025-06-11 15:41:44;2025-06-11 15:41:50;exitoso;;2 MB
FB;WIFI;Reproduccion video corto;-17.3763188;-66.1567644;2025-06-11 15:41:51;2025-06-11 15:42:07;exitoso;;
FB;WIFI;Envio de mensaje;-17.3763188;-66.1567644;2025-06-11 15:42:21;2025-06-11 15:42:24;exitoso;;4 caracteres
FB;WIFI;Envio de foto;-17.3763188;-66.1567644;2025-06-11 15:42:26;2025-06-11 15:42:30;exitoso;;1.9M
FB;WIFI;Envio de video;-17.3763188;-66.1567644;2025-06-11 15:42:35;2025-06-11 15:42:38;exitoso;;13M
FB;WIFI;Envio de documento;-17.3763188;-66.1567644;2025-06-11 15:42:42;2025-06-11 15:42:47;exitoso;;1.27 MB
FB;WIFI;Carga feed;-17.3763188;-66.1567644;2025-06-11 15:42:55;2025-06-11 15:42:57;exitoso;;
FB;WIFI;Publicar historia;-17.3763188;-66.1567644;2025-06-11 15:43:13;2025-06-11 15:43:18;exitoso;;2 MB
FB;WIFI;Reproduccion video corto;-17.3763188;-66.1567644;2025-06-11 15:43:19;2025-06-11 15:43:36;exitoso;;
FB;WIFI;Envio de mensaje;-17.3763188;-66.1567644;2025-06-11 15:43:52;2025-06-11 15:43:54;exitoso;;4 caracteres
FB;WIFI;Envio de foto;-17.3763188;-66.1567644;2025-06-11 15:43:56;2025-06-11 15:43:59;exitoso;;1.9M
FB;WIFI;Envio de video;-17.3763188;-66.1567644;2025-06-11 15:44:04;2025-06-11 15:44:08;exitoso;;13M
FB;WIFI;Envio de documento;-17.3763188;-66.1567644;2025-06-11 15:44:11;2025-06-11 15:44:15;exitoso;;1.27 MB
FB;WIFI;Carga feed;-17.3763188;-66.1567644;2025-06-11 15:44:23;2025-06-11 15:44:24;exitoso;;
FB;WIFI;Publicar historia;-17.3763188;-66.1567644;2025-06-11 15:44:43;2025-06-11 15:44:50;exitoso;;2 MB
FB;WIFI;Reproduccion video corto;-17.3763188;-66.1567644;2025-06-11 15:44:50;2025-06-11 15:45:07;exitoso;;
FB;WIFI;Envio de mensaje;-17.3763188;-66.1567644;2025-06-11 15:45:21;2025-06-11 15:45:24;exitoso;;4 caracteres
FB;WIFI;Envio de foto;-17.3763188;-66.1567644;2025-06-11 15:45:26;2025-06-11 15:45:30;exitoso;;1.9M
FB;WIFI;Envio de video;-17.3763188;-66.1567644;2025-06-11 15:45:35;2025-06-11 15:45:38;exitoso;;13M
FB;WIFI;Envio de documento;-17.3763188;-66.1567644;2025-06-11 15:45:42;2025-06-11 15:45:45;exitoso;;1.27 MB
FB;WIFI;Carga feed;-17.3763188;-66.1567644;2025-06-11 15:45:53;2025-06-11 15:45:54;exitoso;;
FB;WIFI;Publicar historia;-17.3763188;-66.1567644;2025-06-11 15:46:12;2025-06-11 15:46:18;exitoso;;2 MB
FB;WIFI;Reproduccion video corto;-17.3763188;-66.1567644;2025-06-11 15:46:18;2025-06-11 15:46:35;exitoso;;
FB;WIFI;Envio de mensaje;-17.3763188;-66.1567644;2025-06-11 15:46:48;2025-06-11 15:46:51;exitoso;;4 caracteres
FB;WIFI;Envio de foto;-17.3763188;-66.1567644;2025-06-11 15:46:53;2025-06-11 15:46:57;exitoso;;1.9M
FB;WIFI;Envio de video;-17.3763188;-66.1567644;2025-06-11 15:47:03;2025-06-11 15:47:06;exitoso;;13M
FB;WIFI;Envio de documento;-17.3763188;-66.1567644;2025-06-11 15:47:09;2025-06-11 15:47:14;exitoso;;1.27 MB
FB;WIFI;Carga feed;-17.3763188;-66.1567644;2025-06-11 15:47:22;2025-06-11 15:47:24;exitoso;;
FB;WIFI;Publicar historia;-17.3763188;-66.1567644;2025-06-11 15:47:41;2025-06-11 15:47:49;exitoso;;2 MB
FB;WIFI;Reproduccion video corto;-17.3763188;-66.1567644;2025-06-11 15:47:50;2025-06-11 15:48:06;exitoso;;
FB;WIFI;Envio de mensaje;-17.3763188;-66.1567644;2025-06-11 15:48:20;2025-06-11 15:48:23;exitoso;;4 caracteres
FB;WIFI;Envio de foto;-17.3763188;-66.1567644;2025-06-11 15:48:25;2025-06-11 15:48:28;exitoso;;1.9M
FB;WIFI;Envio de video;-17.3763188;-66.1567644;2025-06-11 15:48:33;2025-06-11 15:48:37;exitoso;;13M
FB;WIFI;Envio de documento;-17.3763188;-66.1567644;2025-06-11 15:48:40;2025-06-11 15:48:44;exitoso;;1.27 MB
FB;WIFI;Carga feed;-17.3763188;-66.1567644;2025-06-11 15:48:52;2025-06-11 15:48:53;exitoso;;
FB;WIFI;Publicar historia;-17.3763188;-66.1567644;2025-06-11 15:49:10;2025-06-11 15:49:14;exitoso;;2 MB
FB;WIFI;Reproduccion video corto;-17.3763188;-66.1567644;2025-06-11 15:49:15;2025-06-11 15:49:32;exitoso;;
FB;WIFI;Envio de mensaje;-17.3763188;-66.1567644;2025-06-11 15:49:47;2025-06-11 15:49:49;exitoso;;4 caracteres
FB;WIFI;Envio de foto;-17.3763188;-66.1567644;2025-06-11 15:49:52;2025-06-11 15:49:55;exitoso;;1.9M
FB;WIFI;Envio de video;-17.3763188;-66.1567644;2025-06-11 15:50:00;2025-06-11 15:50:04;exitoso;;13M
FB;WIFI;Envio de documento;-17.3763188;-66.1567644;2025-06-11 15:50:07;2025-06-11 15:50:12;exitoso;;1.27 MB
FB;WIFI;Carga feed;-17.3763188;-66.1567644;2025-06-11 15:50:20;2025-06-11 15:50:22;exitoso;;
FB;WIFI;Publicar historia;-17.3763188;-66.1567644;2025-06-11 15:50:40;2025-06-11 15:50:44;exitoso;;2 MB
FB;WIFI;Reproduccion video corto;-17.3763188;-66.1567644;2025-06-11 15:50:46;2025-06-11 15:51:02;exitoso;;
FB;WIFI;Envio de mensaje;-17.3763188;-66.1567644;2025-06-11 15:51:17;2025-06-11 15:51:19;exitoso;;4 caracteres
FB;WIFI;Envio de foto;-17.3763188;-66.1567644;2025-06-11 15:51:22;2025-06-11 15:51:25;exitoso;;1.9M
FB;WIFI;Envio de video;-17.3763188;-66.1567644;2025-06-11 15:51:30;2025-06-11 15:51:34;exitoso;;13M
FB;WIFI;Envio de documento;-17.3763188;-66.1567644;2025-06-11 15:51:37;2025-06-11 15:51:42;exitoso;;1.27 MB
FB;WIFI;Carga feed;-17.3763188;-66.1567644;2025-06-11 15:51:49;2025-06-11 15:51:51;exitoso;;
FB;WIFI;Publicar historia;-17.3763188;-66.1567644;2025-06-11 15:52:07;2025-06-11 15:52:12;exitoso;;2 MB
FB;WIFI;Reproduccion video corto;-17.3763188;-66.1567644;2025-06-11 15:52:13;2025-06-11 15:52:29;exitoso;;
FB;WIFI;Envio de mensaje;-17.3763188;-66.1567644;2025-06-11 15:52:43;2025-06-11 15:52:46;exitoso;;4 caracteres
FB;WIFI;Envio de foto;-17.3763188;-66.1567644;2025-06-11 15:52:48;2025-06-11 15:52:52;exitoso;;1.9M
FB;WIFI;Envio de video;-17.3763188;-66.1567644;2025-06-11 15:52:57;2025-06-11 15:53:01;exitoso;;13M
FB;WIFI;Envio de documento;-17.3763188;-66.1567644;2025-06-11 15:53:05;2025-06-11 15:53:09;exitoso;;1.27 MB
FB;WIFI;Carga feed;-17.3763188;-66.1567644;2025-06-11 15:53:16;2025-06-11 15:53:18;exitoso;;
FB;WIFI;Publicar historia;-17.3763188;-66.1567644;2025-06-11 15:53:35;2025-06-11 15:53:40;exitoso;;2 MB
FB;WIFI;Reproduccion video corto;-17.3763188;-66.1567644;2025-06-11 15:53:40;2025-06-11 15:53:57;exitoso;;
FB;WIFI;Envio de mensaje;-17.3763188;-66.1567644;2025-06-11 15:54:12;2025-06-11 15:54:14;exitoso;;4 caracteres
FB;WIFI;Envio de foto;-17.3763188;-66.1567644;2025-06-11 15:54:16;2025-06-11 15:54:22;exitoso;;1.9M
FB;WIFI;Envio de video;-17.3763188;-66.1567644;2025-06-11 15:54:27;2025-06-11 15:54:31;exitoso;;13M
FB;WIFI;Envio de documento;-17.3763188;-66.1567644;2025-06-11 15:54:34;2025-06-11 15:54:38;exitoso;;1.27 MB
FB;WIFI;Carga feed;-17.3763188;-66.1567644;2025-06-11 15:54:46;2025-06-11 15:54:48;exitoso;;
FB;WIFI;Publicar historia;-17.3763188;-66.1567644;2025-06-11 15:55:06;2025-06-11 15:55:12;exitoso;;2 MB
FB;WIFI;Reproduccion video corto;-17.3763188;-66.1567644;2025-06-11 15:55:13;2025-06-11 15:55:29;exitoso;;
FB;WIFI;Envio de mensaje;-17.3763188;-66.1567644;2025-06-11 15:55:44;2025-06-11 15:55:46;exitoso;;4 caracteres
FB;WIFI;Envio de foto;-17.3763188;-66.1567644;2025-06-11 15:55:49;2025-06-11 15:55:53;exitoso;;1.9M
FB;WIFI;Envio de video;-17.3763188;-66.1567644;2025-06-11 15:55:58;2025-06-11 15:56:02;exitoso;;13M
FB;WIFI;Envio de documento;-17.3763188;-66.1567644;2025-06-11 15:56:05;2025-06-11 15:56:10;exitoso;;1.27 MB
FB;WIFI;Carga feed;-17.3763188;-66.1567644;2025-06-11 15:56:18;2025-06-11 15:56:20;exitoso;;
FB;WIFI;Publicar historia;-17.3763188;-66.1567644;2025-06-11 15:56:38;2025-06-11 15:56:44;exitoso;;2 MB
FB;WIFI;Reproduccion video corto;-17.3763188;-66.1567644;2025-06-11 15:56:44;2025-06-11 15:57:01;exitoso;;
FB;WIFI;Envio de mensaje;-17.3763188;-66.1567644;2025-06-11 15:57:14;2025-06-11 15:57:17;exitoso;;4 caracteres
FB;WIFI;Envio de foto;-17.3763188;-66.1567644;2025-06-11 15:57:19;2025-06-11 15:57:23;exitoso;;1.9M
FB;WIFI;Envio de video;-17.3763188;-66.1567644;2025-06-11 15:57:28;2025-06-11 15:57:31;exitoso;;13M
FB;WIFI;Envio de documento;-17.3763188;-66.1567644;2025-06-11 15:57:35;2025-06-11 15:57:39;exitoso;;1.27 MB
FB;WIFI;Carga feed;-17.3763188;-66.1567644;2025-06-11 15:57:46;2025-06-11 15:57:48;exitoso;;
FB;WIFI;Publicar historia;-17.3763188;-66.1567644;2025-06-11 15:58:04;2025-06-11 15:58:10;exitoso;;2 MB
FB;WIFI;Reproduccion video corto;-17.3763188;-66.1567644;2025-06-11 15:58:11;2025-06-11 15:58:29;exitoso;;
FB;WIFI;Envio de mensaje;-17.3763188;-66.1567644;2025-06-11 15:58:43;2025-06-11 15:58:45;exitoso;;4 caracteres
FB;WIFI;Envio de foto;-17.3763188;-66.1567644;2025-06-11 15:58:47;2025-06-11 15:58:51;exitoso;;1.9M
FB;WIFI;Envio de video;-17.3763188;-66.1567644;2025-06-11 15:58:56;2025-06-11 15:58:59;exitoso;;13M
FB;WIFI;Envio de documento;-17.3763188;-66.1567644;2025-06-11 15:59:03;2025-06-11 15:59:07;exitoso;;1.27 MB
FB;WIFI;Carga feed;-17.3763188;-66.1567644;2025-06-11 15:59:14;2025-06-11 15:59:16;exitoso;;
FB;WIFI;Publicar historia;-17.3763188;-66.1567644;2025-06-11 15:59:35;2025-06-11 15:59:38;exitoso;;2 MB
FB;WIFI;Reproduccion video corto;-17.3763188;-66.1567644;2025-06-11 15:59:39;2025-06-11 15:59:55;exitoso;;
FB;WIFI;Envio de mensaje;-17.3763188;-66.1567644;2025-06-11 16:00:10;2025-06-11 16:00:12;exitoso;;4 caracteres
FB;WIFI;Envio de foto;-17.3763188;-66.1567644;2025-06-11 16:00:15;2025-06-11 16:00:20;exitoso;;1.9M
FB;WIFI;Envio de video;-17.3763188;-66.1567644;2025-06-11 16:00:25;2025-06-11 16:00:29;exitoso;;13M
FB;WIFI;Envio de documento;-17.3763188;-66.1567644;2025-06-11 16:00:32;2025-06-11 16:00:36;exitoso;;1.27 MB
FB;WIFI;Carga feed;-17.3763188;-66.1567644;2025-06-11 16:00:43;2025-06-11 16:00:45;exitoso;;
FB;WIFI;Publicar historia;-17.3763188;-66.1567644;2025-06-11 16:01:01;2025-06-11 16:01:05;exitoso;;2 MB
FB;WIFI;Reproduccion video corto;-17.3763188;-66.1567644;2025-06-11 16:01:06;2025-06-11 16:01:21;exitoso;;
FB;WIFI;Envio de mensaje;-17.3763188;-66.1567644;2025-06-11 16:01:35;2025-06-11 16:01:37;exitoso;;4 caracteres
FB;WIFI;Envio de foto;-17.3763188;-66.1567644;2025-06-11 16:01:39;2025-06-11 16:01:44;exitoso;;1.9M
FB;WIFI;Envio de video;-17.3763188;-66.1567644;2025-06-11 16:01:49;2025-06-11 16:01:52;exitoso;;13M
FB;WIFI;Envio de documento;-17.3763188;-66.1567644;2025-06-11 16:01:56;2025-06-11 16:02:00;exitoso;;1.27 MB
FB;WIFI;Carga feed;-17.3763188;-66.1567644;2025-06-11 16:02:07;2025-06-11 16:02:09;exitoso;;
FB;WIFI;Publicar historia;-17.3763188;-66.1567644;2025-06-11 16:02:26;2025-06-11 16:02:30;exitoso;;2 MB
FB;WIFI;Reproduccion video corto;-17.3763188;-66.1567644;2025-06-11 16:02:31;2025-06-11 16:02:46;exitoso;;
FB;WIFI;Envio de mensaje;-17.3763188;-66.1567644;2025-06-11 16:03:01;2025-06-11 16:03:03;exitoso;;4 caracteres
FB;WIFI;Envio de foto;-17.3763188;-66.1567644;2025-06-11 16:03:06;2025-06-11 16:03:09;exitoso;;1.9M
FB;WIFI;Envio de video;-17.3763188;-66.1567644;2025-06-11 16:03:14;2025-06-11 16:03:18;exitoso;;13M
FB;WIFI;Envio de documento;-17.3763188;-66.1567644;2025-06-11 16:03:21;2025-06-11 16:03:25;exitoso;;1.27 MB
FB;WIFI;Carga feed;-17.3763188;-66.1567644;2025-06-11 16:03:33;2025-06-11 16:03:35;exitoso;;
FB;WIFI;Publicar historia;-17.3763188;-66.1567644;2025-06-11 16:03:53;2025-06-11 16:03:58;exitoso;;2 MB
FB;WIFI;Reproduccion video corto;-17.3763188;-66.1567644;2025-06-11 16:03:58;2025-06-11 16:04:15;exitoso;;
FB;WIFI;Envio de mensaje;-17.3763188;-66.1567644;2025-06-11 16:04:29;2025-06-11 16:04:31;exitoso;;4 caracteres
FB;WIFI;Envio de foto;-17.3763188;-66.1567644;2025-06-11 16:04:34;2025-06-11 16:04:38;exitoso;;1.9M
FB;WIFI;Envio de video;-17.3763188;-66.1567644;2025-06-11 16:04:42;2025-06-11 16:04:46;exitoso;;13M
FB;WIFI;Envio de documento;-17.3763188;-66.1567644;2025-06-11 16:04:49;2025-06-11 16:04:54;exitoso;;1.27 MB
FB;WIFI;Carga feed;-17.3763188;-66.1567644;2025-06-11 16:05:01;2025-06-11 16:05:03;exitoso;;
FB;WIFI;Publicar historia;-17.3763188;-66.1567644;2025-06-11 16:05:21;2025-06-11 16:05:24;exitoso;;2 MB
FB;WIFI;Reproduccion video corto;-17.3763188;-66.1567644;2025-06-11 16:05:25;2025-06-11 16:05:43;exitoso;;
FB;WIFI;Envio de mensaje;-17.3763188;-66.1567644;2025-06-11 16:05:59;2025-06-11 16:06:01;exitoso;;4 caracteres
FB;WIFI;Envio de foto;-17.3763188;-66.1567644;2025-06-11 16:06:04;2025-06-11 16:06:08;exitoso;;1.9M
FB;WIFI;Envio de video;-17.3763188;-66.1567644;2025-06-11 16:06:13;2025-06-11 16:06:17;exitoso;;13M
FB;WIFI;Envio de documento;-17.3763188;-66.1567644;2025-06-11 16:06:20;2025-06-11 16:06:25;exitoso;;1.27 MB
FB;WIFI;Carga feed;-17.3763188;-66.1567644;2025-06-11 16:06:33;2025-06-11 16:06:34;exitoso;;
FB;WIFI;Publicar historia;-17.3763188;-66.1567644;2025-06-11 16:06:51;2025-06-11 16:07:00;exitoso;;2 MB
FB;WIFI;Reproduccion video corto;-17.3763188;-66.1567644;2025-06-11 16:07:00;2025-06-11 16:07:17;exitoso;;
FB;WIFI;Envio de mensaje;-17.3763188;-66.1567644;2025-06-11 16:07:32;2025-06-11 16:07:34;exitoso;;4 caracteres
FB;WIFI;Envio de foto;-17.3763188;-66.1567644;2025-06-11 16:07:37;2025-06-11 16:07:41;exitoso;;1.9M
FB;WIFI;Envio de video;-17.3763188;-66.1567644;2025-06-11 16:07:46;2025-06-11 16:07:50;exitoso;;13M
FB;WIFI;Envio de documento;-17.3763188;-66.1567644;2025-06-11 16:07:53;2025-06-11 16:07:57;exitoso;;1.27 MB
FB;WIFI;Carga feed;-17.3763188;-66.1567644;2025-06-11 16:08:05;2025-06-11 16:08:06;exitoso;;
FB;WIFI;Publicar historia;-17.3763188;-66.1567644;2025-06-11 16:08:25;2025-06-11 16:08:31;exitoso;;2 MB
FB;WIFI;Reproduccion video corto;-17.3763188;-66.1567644;2025-06-11 16:08:32;2025-06-11 16:08:49;exitoso;;
FB;WIFI;Envio de mensaje;-17.3763188;-66.1567644;2025-06-11 16:09:04;2025-06-11 16:09:07;exitoso;;4 caracteres
FB;WIFI;Envio de foto;-17.3763188;-66.1567644;2025-06-11 16:09:09;2025-06-11 16:09:14;exitoso;;1.9M
FB;WIFI;Envio de video;-17.3763188;-66.1567644;2025-06-11 16:09:19;2025-06-11 16:09:23;exitoso;;13M
FB;WIFI;Envio de documento;-17.3763188;-66.1567644;2025-06-11 16:09:26;2025-06-11 16:09:30;exitoso;;1.27 MB
FB;WIFI;Carga feed;-17.3763188;-66.1567644;2025-06-11 16:09:38;2025-06-11 16:09:39;exitoso;;
FB;WIFI;Publicar historia;-17.3763188;-66.1567644;2025-06-11 16:09:56;2025-06-11 16:10:00;exitoso;;2 MB
FB;WIFI;Reproduccion video corto;-17.3763188;-66.1567644;2025-06-11 16:10:00;2025-06-11 16:10:18;exitoso;;
FB;WIFI;Envio de mensaje;-17.3763188;-66.1567644;2025-06-11 16:10:33;2025-06-11 16:10:36;exitoso;;4 caracteres
FB;WIFI;Envio de foto;-17.3763188;-66.1567644;2025-06-11 16:10:38;2025-06-11 16:10:42;exitoso;;1.9M
FB;WIFI;Envio de video;-17.3763188;-66.1567644;2025-06-11 16:10:47;2025-06-11 16:10:50;exitoso;;13M
FB;WIFI;Envio de documento;-17.3763188;-66.1567644;2025-06-11 16:10:54;2025-06-11 16:10:59;exitoso;;1.27 MB
FB;WIFI;Carga feed;-17.3763188;-66.1567644;2025-06-11 16:11:06;2025-06-11 16:11:08;exitoso;;
FB;WIFI;Publicar historia;-17.3763188;-66.1567644;2025-06-11 16:11:26;2025-06-11 16:11:32;exitoso;;2 MB
FB;WIFI;Reproduccion video corto;-17.3763188;-66.1567644;2025-06-11 16:11:33;2025-06-11 16:11:50;exitoso;;
FB;WIFI;Envio de mensaje;-17.3763188;-66.1567644;2025-06-11 16:12:05;2025-06-11 16:12:08;exitoso;;4 caracteres
FB;WIFI;Envio de foto;-17.3763188;-66.1567644;2025-06-11 16:12:10;2025-06-11 16:12:14;exitoso;;1.9M
FB;WIFI;Envio de video;-17.3763188;-66.1567644;2025-06-11 16:12:19;2025-06-11 16:12:23;exitoso;;13M
FB;WIFI;Envio de documento;-17.3763188;-66.1567644;2025-06-11 16:12:26;2025-06-11 16:12:31;exitoso;;1.27 MB
FB;WIFI;Carga feed;-17.3763188;-66.1567644;2025-06-11 16:12:39;2025-06-11 16:12:41;exitoso;;
FB;WIFI;Publicar historia;-17.3763188;-66.1567644;2025-06-11 16:13:01;2025-06-11 16:13:05;exitoso;;2 MB
FB;WIFI;Reproduccion video corto;-17.3763188;-66.1567644;2025-06-11 16:13:05;2025-06-11 16:13:22;exitoso;;
FB;WIFI;Envio de mensaje;-17.3763188;-66.1567644;2025-06-11 16:13:35;2025-06-11 16:13:37;exitoso;;4 caracteres
FB;WIFI;Envio de foto;-17.3763188;-66.1567644;2025-06-11 16:13:40;2025-06-11 16:13:45;exitoso;;1.9M
FB;WIFI;Envio de video;-17.3763188;-66.1567644;2025-06-11 16:13:50;2025-06-11 16:13:54;exitoso;;13M
FB;WIFI;Envio de documento;-17.3763188;-66.1567644;2025-06-11 16:13:57;2025-06-11 16:14:01;exitoso;;1.27 MB
FB;WIFI;Carga feed;-17.3763188;-66.1567644;2025-06-11 16:14:09;2025-06-11 16:14:11;exitoso;;
FB;WIFI;Publicar historia;-17.3763188;-66.1567644;2025-06-11 16:14:27;2025-06-11 16:14:32;exitoso;;2 MB
FB;WIFI;Reproduccion video corto;-17.3763188;-66.1567644;2025-06-11 16:14:33;2025-06-11 16:14:51;exitoso;;
FB;WIFI;Envio de mensaje;-17.3763188;-66.1567644;2025-06-11 16:15:05;2025-06-11 16:15:08;exitoso;;4 caracteres
FB;WIFI;Envio de foto;-17.3763188;-66.1567644;2025-06-11 16:15:10;2025-06-11 16:15:15;exitoso;;1.9M
FB;WIFI;Envio de video;-17.3763188;-66.1567644;2025-06-11 16:15:19;2025-06-11 16:15:23;exitoso;;13M
FB;WIFI;Envio de documento;-17.3763188;-66.1567644;2025-06-11 16:15:26;2025-06-11 16:15:31;exitoso;;1.27 MB
FB;WIFI;Carga feed;-17.3763188;-66.1567644;2025-06-11 16:15:39;2025-06-11 16:15:41;exitoso;;
FB;WIFI;Publicar historia;-17.3763188;-66.1567644;2025-06-11 16:15:59;2025-06-11 16:16:04;exitoso;;2 MB
FB;WIFI;Reproduccion video corto;-17.3763188;-66.1567644;2025-06-11 16:16:05;2025-06-11 16:16:22;exitoso;;
FB;WIFI;Envio de mensaje;-17.3763188;-66.1567644;2025-06-11 16:16:38;2025-06-11 16:16:40;exitoso;;4 caracteres
FB;WIFI;Envio de foto;-17.3763188;-66.1567644;2025-06-11 16:16:42;2025-06-11 16:16:47;exitoso;;1.9M
FB;WIFI;Envio de video;-17.3763188;-66.1567644;2025-06-11 16:16:52;2025-06-11 16:16:56;exitoso;;13M
FB;WIFI;Envio de documento;-17.3763188;-66.1567644;2025-06-11 16:16:59;2025-06-11 16:17:04;exitoso;;1.27 MB
FB;WIFI;Carga feed;-17.3763188;-66.1567644;2025-06-11 16:17:11;2025-06-11 16:17:13;exitoso;;
FB;WIFI;Publicar historia;-17.3763188;-66.1567644;2025-06-11 16:17:30;2025-06-11 16:17:35;exitoso;;2 MB
FB;WIFI;Reproduccion video corto;-17.3763188;-66.1567644;2025-06-11 16:17:36;2025-06-11 16:17:53;exitoso;;
FB;WIFI;Envio de mensaje;-17.3763188;-66.1567644;2025-06-11 16:18:07;2025-06-11 16:18:09;exitoso;;4 caracteres
FB;WIFI;Envio de foto;-17.3763188;-66.1567644;2025-06-11 16:18:12;2025-06-11 16:18:16;exitoso;;1.9M
FB;WIFI;Envio de video;-17.3763188;-66.1567644;2025-06-11 16:18:21;2025-06-11 16:18:25;exitoso;;13M
FB;WIFI;Envio de documento;-17.3763188;-66.1567644;2025-06-11 16:18:28;2025-06-11 16:18:32;exitoso;;1.27 MB
FB;WIFI;Carga feed;-17.3763188;-66.1567644;2025-06-11 16:18:40;2025-06-11 16:18:41;exitoso;;
FB;WIFI;Publicar historia;-17.3763188;-66.1567644;2025-06-11 16:18:59;2025-06-11 16:19:04;exitoso;;2 MB
FB;WIFI;Reproduccion video corto;-17.3763188;-66.1567644;2025-06-11 16:19:05;2025-06-11 16:19:22;exitoso;;
FB;WIFI;Envio de mensaje;-17.3763188;-66.1567644;2025-06-11 16:19:36;2025-06-11 16:19:39;exitoso;;4 caracteres
FB;WIFI;Envio de foto;-17.3763188;-66.1567644;2025-06-11 16:19:41;2025-06-11 16:19:45;exitoso;;1.9M
FB;WIFI;Envio de video;-17.3763188;-66.1567644;2025-06-11 16:19:50;2025-06-11 16:19:54;exitoso;;13M
FB;WIFI;Envio de documento;-17.3763188;-66.1567644;2025-06-11 16:19:57;2025-06-11 16:20:01;exitoso;;1.27 MB
FB;WIFI;Carga feed;-17.3763188;-66.1567644;2025-06-11 16:20:09;2025-06-11 16:20:11;exitoso;;
FB;WIFI;Publicar historia;-17.3763188;-66.1567644;2025-06-11 16:20:29;2025-06-11 16:20:36;exitoso;;2 MB
FB;WIFI;Reproduccion video corto;-17.3763188;-66.1567644;2025-06-11 16:20:37;2025-06-11 16:20:53;exitoso;;
FB;WIFI;Envio de mensaje;-17.3763188;-66.1567644;2025-06-11 16:21:09;2025-06-11 16:21:12;exitoso;;4 caracteres
FB;WIFI;Envio de foto;-17.3763188;-66.1567644;2025-06-11 16:21:14;2025-06-11 16:21:19;exitoso;;1.9M
FB;WIFI;Envio de video;-17.3763188;-66.1567644;2025-06-11 16:21:24;2025-06-11 16:21:28;exitoso;;13M
FB;WIFI;Envio de documento;-17.3763188;-66.1567644;2025-06-11 16:21:31;2025-06-11 16:21:36;exitoso;;1.27 MB
FB;WIFI;Carga feed;-17.3763188;-66.1567644;2025-06-11 16:21:44;2025-06-11 16:21:46;exitoso;;
FB;WIFI;Publicar historia;-17.3763188;-66.1567644;2025-06-11 16:22:04;2025-06-11 16:22:10;exitoso;;2 MB
FB;WIFI;Reproduccion video corto;-17.3763188;-66.1567644;2025-06-11 16:22:10;2025-06-11 16:22:27;exitoso;;
FB;WIFI;Envio de mensaje;-17.3763188;-66.1567644;2025-06-11 16:22:40;2025-06-11 16:22:42;exitoso;;4 caracteres
FB;WIFI;Envio de foto;-17.3763188;-66.1567644;2025-06-11 16:22:45;2025-06-11 16:22:49;exitoso;;1.9M
FB;WIFI;Envio de video;-17.3763188;-66.1567644;2025-06-11 16:22:54;2025-06-11 16:22:58;exitoso;;13M
FB;WIFI;Envio de documento;-17.3763188;-66.1567644;2025-06-11 16:23:01;2025-06-11 16:23:06;exitoso;;1.27 MB
FB;WIFI;Carga feed;-17.3763188;-66.1567644;2025-06-11 16:23:13;2025-06-11 16:23:15;exitoso;;
FB;WIFI;Publicar historia;-17.3763188;-66.1567644;2025-06-11 16:23:32;2025-06-11 16:23:39;exitoso;;2 MB
FB;WIFI;Reproduccion video corto;-17.3763188;-66.1567644;2025-06-11 16:23:40;2025-06-11 16:23:57;exitoso;;
FB;WIFI;Envio de mensaje;-17.3763188;-66.1567644;2025-06-11 16:24:11;2025-06-11 16:24:13;exitoso;;4 caracteres
FB;WIFI;Envio de foto;-17.3763188;-66.1567644;2025-06-11 16:24:16;2025-06-11 16:24:21;exitoso;;1.9M
FB;WIFI;Envio de video;-17.3763188;-66.1567644;2025-06-11 16:24:25;2025-06-11 16:24:30;exitoso;;13M
FB;WIFI;Envio de documento;-17.3763188;-66.1567644;2025-06-11 16:24:33;2025-06-11 16:24:38;exitoso;;1.27 MB
FB;WIFI;Carga feed;-17.3763188;-66.1567644;2025-06-11 16:24:45;2025-06-11 16:24:47;exitoso;;
FB;WIFI;Publicar historia;-17.3763188;-66.1567644;2025-06-11 16:25:04;2025-06-11 16:25:09;exitoso;;2 MB
FB;WIFI;Reproduccion video corto;-17.3763188;-66.1567644;2025-06-11 16:25:10;2025-06-11 16:25:27;exitoso;;
FB;WIFI;Envio de mensaje;-17.3763188;-66.1567644;2025-06-11 16:25:41;2025-06-11 16:25:43;exitoso;;4 caracteres
FB;WIFI;Envio de foto;-17.3763188;-66.1567644;2025-06-11 16:25:45;2025-06-11 16:25:49;exitoso;;1.9M
FB;WIFI;Envio de video;-17.3763188;-66.1567644;2025-06-11 16:25:54;2025-06-11 16:25:58;exitoso;;13M
FB;WIFI;Envio de documento;-17.3763188;-66.1567644;2025-06-11 16:26:01;2025-06-11 16:26:06;exitoso;;1.27 MB
FB;WIFI;Carga feed;-17.3763188;-66.1567644;2025-06-11 16:26:13;2025-06-11 16:26:14;exitoso;;
FB;WIFI;Publicar historia;-17.3763188;-66.1567644;2025-06-11 16:26:32;2025-06-11 16:26:36;exitoso;;2 MB
FB;WIFI;Reproduccion video corto;-17.3763188;-66.1567644;2025-06-11 16:26:37;2025-06-11 16:26:54;exitoso;;
FB;WIFI;Envio de mensaje;-17.3763188;-66.1567644;2025-06-11 16:27:07;2025-06-11 16:27:10;exitoso;;4 caracteres
FB;WIFI;Envio de foto;-17.3763188;-66.1567644;2025-06-11 16:27:12;2025-06-11 16:27:17;exitoso;;1.9M
FB;WIFI;Envio de video;-17.3763188;-66.1567644;2025-06-11 16:27:21;2025-06-11 16:27:25;exitoso;;13M
FB;WIFI;Envio de documento;-17.3763188;-66.1567644;2025-06-11 16:27:28;2025-06-11 16:27:33;exitoso;;1.27 MB
FB;WIFI;Carga feed;-17.3763188;-66.1567644;2025-06-11 16:27:39;2025-06-11 16:27:41;exitoso;;
FB;WIFI;Publicar historia;-17.3763188;-66.1567644;2025-06-11 16:27:59;2025-06-11 16:28:04;exitoso;;2 MB
FB;WIFI;Reproduccion video corto;-17.3763188;-66.1567644;2025-06-11 16:28:04;2025-06-11 16:28:22;exitoso;;
FB;WIFI;Envio de mensaje;-17.3763188;-66.1567644;2025-06-11 16:28:35;2025-06-11 16:28:38;exitoso;;4 caracteres
FB;WIFI;Envio de foto;-17.3763188;-66.1567644;2025-06-11 16:28:40;2025-06-11 16:28:45;exitoso;;1.9M
FB;WIFI;Envio de video;-17.3763188;-66.1567644;2025-06-11 16:28:50;2025-06-11 16:28:53;exitoso;;13M
FB;WIFI;Envio de documento;-17.3763188;-66.1567644;2025-06-11 16:28:57;2025-06-11 16:29:01;exitoso;;1.27 MB
FB;WIFI;Carga feed;-17.3763188;-66.1567644;2025-06-11 16:29:08;2025-06-11 16:29:10;exitoso;;
FB;WIFI;Publicar historia;-17.3763188;-66.1567644;2025-06-11 16:29:27;2025-06-11 16:29:30;exitoso;;2 MB
FB;WIFI;Reproduccion video corto;-17.3763188;-66.1567644;2025-06-11 16:29:31;2025-06-11 16:29:47;exitoso;;
FB;WIFI;Envio de mensaje;-17.3763188;-66.1567644;2025-06-11 16:30:00;2025-06-11 16:30:03;exitoso;;4 caracteres
FB;WIFI;Envio de foto;-17.3763188;-66.1567644;2025-06-11 16:30:05;2025-06-11 16:30:09;exitoso;;1.9M
FB;WIFI;Envio de video;-17.3763188;-66.1567644;2025-06-11 16:30:14;2025-06-11 16:30:18;exitoso;;13M
FB;WIFI;Envio de documento;-17.3763188;-66.1567644;2025-06-11 16:30:21;2025-06-11 16:30:28;exitoso;;1.27 MB
FB;WIFI;Carga feed;-17.3763188;-66.1567644;2025-06-11 16:30:35;2025-06-11 16:30:37;exitoso;;
FB;WIFI;Publicar historia;-17.3763188;-66.1567644;2025-06-11 16:30:54;2025-06-11 16:30:58;exitoso;;2 MB
FB;WIFI;Reproduccion video corto;-17.3763188;-66.1567644;2025-06-11 16:30:59;2025-06-11 16:31:15;exitoso;;
FB;WIFI;Envio de mensaje;-17.3763188;-66.1567644;2025-06-11 16:31:29;2025-06-11 16:31:32;exitoso;;4 caracteres
FB;WIFI;Envio de foto;-17.3763188;-66.1567644;2025-06-11 16:31:34;2025-06-11 16:31:38;exitoso;;1.9M
FB;WIFI;Envio de video;-17.3763188;-66.1567644;2025-06-11 16:31:43;2025-06-11 16:31:47;exitoso;;13M
FB;WIFI;Envio de documento;-17.3763188;-66.1567644;2025-06-11 16:31:50;2025-06-11 16:31:56;exitoso;;1.27 MB
FB;WIFI;Carga feed;-17.3763188;-66.1567644;2025-06-11 16:32:02;2025-06-11 16:32:04;exitoso;;
FB;WIFI;Publicar historia;-17.3763188;-66.1567644;2025-06-11 16:32:21;2025-06-11 16:32:27;exitoso;;2 MB
FB;WIFI;Reproduccion video corto;-17.3763188;-66.1567644;2025-06-11 16:32:29;2025-06-11 16:32:46;exitoso;;
FB;WIFI;Envio de mensaje;-17.3763188;-66.1567644;2025-06-11 16:33:01;2025-06-11 16:33:03;exitoso;;4 caracteres
FB;WIFI;Envio de foto;-17.3763188;-66.1567644;2025-06-11 16:33:06;2025-06-11 16:33:09;exitoso;;1.9M
FB;WIFI;Envio de video;-17.3763188;-66.1567644;2025-06-11 16:33:14;2025-06-11 16:33:18;exitoso;;13M
FB;WIFI;Envio de documento;-17.3763188;-66.1567644;2025-06-11 16:33:21;2025-06-11 16:33:25;exitoso;;1.27 MB
FB;WIFI;Carga feed;-17.3763188;-66.1567644;2025-06-11 16:33:33;2025-06-11 16:33:34;exitoso;;
FB;WIFI;Publicar historia;-17.3763188;-66.1567644;2025-06-11 16:33:52;2025-06-11 16:34:03;exitoso;;2 MB
FB;WIFI;Reproduccion video corto;-17.3763188;-66.1567644;2025-06-11 16:34:03;2025-06-11 16:34:20;exitoso;;
FB;WIFI;Envio de mensaje;-17.3763188;-66.1567644;2025-06-11 16:34:33;2025-06-11 16:34:36;exitoso;;4 caracteres
FB;WIFI;Envio de foto;-17.3763188;-66.1567644;2025-06-11 16:34:39;2025-06-11 16:34:43;exitoso;;1.9M
FB;WIFI;Envio de video;-17.3763188;-66.1567644;2025-06-11 16:34:48;2025-06-11 16:34:52;exitoso;;13M
FB;WIFI;Envio de documento;-17.3763188;-66.1567644;2025-06-11 16:34:55;2025-06-11 16:35:00;exitoso;;1.27 MB
FB;WIFI;Carga feed;-17.3763188;-66.1567644;2025-06-11 16:35:08;2025-06-11 16:35:09;exitoso;;
FB;WIFI;Publicar historia;-17.3763188;-66.1567644;2025-06-11 16:35:26;2025-06-11 16:35:32;exitoso;;2 MB
FB;WIFI;Reproduccion video corto;-17.3763188;-66.1567644;2025-06-11 16:35:33;2025-06-11 16:35:51;exitoso;;
FB;WIFI;Envio de mensaje;-17.3763188;-66.1567644;2025-06-11 16:36:05;2025-06-11 16:36:08;exitoso;;4 caracteres
FB;WIFI;Envio de foto;-17.3763188;-66.1567644;2025-06-11 16:36:10;2025-06-11 16:36:15;exitoso;;1.9M
FB;WIFI;Envio de video;-17.3763188;-66.1567644;2025-06-11 16:36:20;2025-06-11 16:36:24;exitoso;;13M
FB;WIFI;Envio de documento;-17.3763188;-66.1567644;2025-06-11 16:36:27;2025-06-11 16:36:32;exitoso;;1.27 MB
FB;WIFI;Carga feed;-17.3763188;-66.1567644;2025-06-11 16:36:39;2025-06-11 16:36:41;exitoso;;
FB;WIFI;Publicar historia;-17.3763188;-66.1567644;2025-06-11 16:36:59;2025-06-11 16:37:05;exitoso;;2 MB
FB;WIFI;Reproduccion video corto;-17.3763188;-66.1567644;2025-06-11 16:37:06;2025-06-11 16:37:22;exitoso;;
FB;WIFI;Envio de mensaje;-17.3763188;-66.1567644;2025-06-11 16:37:36;2025-06-11 16:37:39;exitoso;;4 caracteres
FB;WIFI;Envio de foto;-17.3763188;-66.1567644;2025-06-11 16:37:41;2025-06-11 16:37:45;exitoso;;1.9M
FB;WIFI;Envio de video;-17.3763188;-66.1567644;2025-06-11 16:37:50;2025-06-11 16:37:54;exitoso;;13M
FB;WIFI;Envio de documento;-17.3763188;-66.1567644;2025-06-11 16:37:57;2025-06-11 16:38:02;exitoso;;1.27 MB
FB;WIFI;Carga feed;-17.3763188;-66.1567644;2025-06-11 16:38:08;2025-06-11 16:38:09;exitoso;;
FB;WIFI;Publicar historia;-17.3763188;-66.1567644;2025-06-11 16:38:26;2025-06-11 16:38:30;exitoso;;2 MB
